"–ü—É—Å—Ç—å $x, y$ –∏ $z$ ‚Äî –ø–æ–ª–æ–∂–∏—Ç–µ–ª—å–Ω—ã–µ –¥–µ–π—Å—Ç–≤–∏—Ç–µ–ª—å–Ω—ã–µ —á–∏—Å–ª–∞, –∫–æ—Ç–æ—Ä—ã–µ —É–¥–æ–≤–ª–µ—Ç–≤–æ—Ä—è—é—Ç —Å–ª–µ–¥—É—é—â–µ–π —Å–∏—Å—Ç–µ–º–µ —É—Ä–∞–≤–Ω–µ–Ω–∏–π:
$$\log_2\left({x \over yz}\right) = {1 \over 2}$$
$$\log_2\left({y \over xz}\right) = {1 \over 3}$$
$$\log_2\left({z \over xy}\right) = {1 \over 4}$$
–ó–Ω–∞—á–µ–Ω–∏–µ $\left|\log_2(x^4y^3z^2)\right|$ —Ä–∞–≤–Ω–æ $\tfrac{m}{n}$, –≥–¥–µ $m$ –∏ $n$ ‚Äî –≤–∑–∞–∏–º–Ω–æ –ø—Ä–æ—Å—Ç—ã–µ –ø–æ–ª–æ–∂–∏—Ç–µ–ª—å–Ω—ã–µ —Ü–µ–ª—ã–µ —á–∏—Å–ª–∞. –ù–∞–π–¥–∏—Ç–µ —Å—É–º–º—É $m + n$. –ü–æ–¥—É–º–∞–π—Ç–µ –æ –ø–µ—Ä–µ–º–Ω–æ–∂–µ–Ω–∏–∏ –≤—ã—Ä–∞–∂–µ–Ω–∏–π –≤ –ª–µ–≤—ã—Ö —á–∞—Å—Ç—è—Ö —Ç—Ä–µ—Ö —É—Ä–∞–≤–Ω–µ–Ω–∏–π; —ç—Ç–æ –º–æ–∂–µ—Ç –ø–æ–º–æ—á—å –±—ã—Å—Ç—Ä–µ–µ –∏–∑–±–∞–≤–∏—Ç—å—Å—è –æ—Ç –ø–µ—Ä–µ–º–µ–Ω–Ω—ã—Ö. ",33,30,40,25,A
"–ü—É—Å—Ç—å –Ω–∞ –∫–æ–æ—Ä–¥–∏–Ω–∞—Ç–Ω–æ–π –ø–ª–æ—Å–∫–æ—Å—Ç–∏ –¥–∞–Ω—ã —Ç–æ—á–∫–∏ $O(0,0), A(\frac{1}{2}, 0)$ –∏ $B(0, \frac{\sqrt{3}}{2})$. –†–∞—Å—Å–º–æ—Ç—Ä–∏–º —Å–µ–º–µ–π—Å—Ç–≤–æ –æ—Ç—Ä–µ–∑–∫–æ–≤ $\overline{PQ}$ –¥–ª–∏–Ω–æ–π 1, –∫–æ—Ç–æ—Ä—ã–µ –ª–µ–∂–∞—Ç –≤ –ø–µ—Ä–≤–æ–π —á–µ—Ç–≤–µ—Ä—Ç–∏, –ø—Ä–∏—á–µ–º —Ç–æ—á–∫–∞ $P$ –ª–µ–∂–∏—Ç –Ω–∞ –æ—Å–∏ $x$, –∞ —Ç–æ—á–∫–∞ $Q$ –ª–µ–∂–∏—Ç –Ω–∞ –æ—Å–∏ $y$. –ù–∞ –æ—Ç—Ä–µ–∑–∫–µ $\overline{AB}$, –æ—Ç–ª–∏—á–Ω–æ–º –æ—Ç —Ç–æ—á–µ–∫ $A$ –∏ $B$, —Å—É—â–µ—Å—Ç–≤—É–µ—Ç –µ–¥–∏–Ω—Å—Ç–≤–µ–Ω–Ω–∞—è —Ç–æ—á–∫–∞ $C$, –∫–æ—Ç–æ—Ä–∞—è –Ω–µ –ø—Ä–∏–Ω–∞–¥–ª–µ–∂–∏—Ç –Ω–∏ –æ–¥–Ω–æ–º—É –æ—Ç—Ä–µ–∑–∫—É –∏–∑ —Å–µ–º–µ–π—Å—Ç–≤–∞ $\mathcal{F}$, –∑–∞ –∏—Å–∫–ª—é—á–µ–Ω–∏–µ–º –æ—Ç—Ä–µ–∑–∫–∞ $\overline{AB}$. –ó–∞–º–µ—Ç–∏–º, —á—Ç–æ –≤ —Ç—Ä–µ—É–≥–æ–ª—å–Ω–∏–∫–µ $OAB$ –µ—Å—Ç—å –æ—Å–æ–±—ã–µ —É–≥–ª—ã. –¢–æ–≥–¥–∞ $OC^2 = \frac{p}{q}$, –≥–¥–µ $p$ –∏ $q$ ‚Äî –≤–∑–∞–∏–º–Ω–æ –ø—Ä–æ—Å—Ç—ã–µ –ø–æ–ª–æ–∂–∏—Ç–µ–ª—å–Ω—ã–µ —Ü–µ–ª—ã–µ —á–∏—Å–ª–∞. –ù–∞–π—Ç–∏ $p + q$. ",21,23,18,15,B
"–î–∂–µ–Ω —É—á–∞—Å—Ç–≤—É–µ—Ç –≤ –ª–æ—Ç–µ—Ä–µ–µ, –≥–¥–µ –Ω—É–∂–Ω–æ –≤—ã–±—Ä–∞—Ç—å 4 —Ä–∞–∑–ª–∏—á–Ω—ã–µ —á–∏—Å–ª–∞ –∏–∑ –º–Ω–æ–∂–µ—Å—Ç–≤–∞ S = {1, 2, 3, ..., 9, 10}. –ó–∞—Ç–µ–º 4 —á–∏—Å–ª–∞ –≤—ã–±–∏—Ä–∞—é—Ç—Å—è —Å–ª—É—á–∞–π–Ω—ã–º –æ–±—Ä–∞–∑–æ–º –∏–∑ —ç—Ç–æ–≥–æ –∂–µ –º–Ω–æ–∂–µ—Å—Ç–≤–∞ S. –û–Ω–∞ –ø–æ–ª—É—á–∞–µ—Ç –ø—Ä–∏–∑, –µ—Å–ª–∏ –∫–∞–∫ –º–∏–Ω–∏–º—É–º –¥–≤–∞ –∏–∑ –µ–µ –≤—ã–±—Ä–∞–Ω–Ω—ã—Ö —á–∏—Å–µ–ª —Å–æ–≤–ø–∞–¥–∞—é—Ç —Å –¥–≤—É–º—è –∏–∑ —Å–ª—É—á–∞–π–Ω–æ –≤—ã–±—Ä–∞–Ω–Ω—ã—Ö —á–∏—Å–µ–ª, –∏ –≥–ª–∞–≤–Ω—ã–π –ø—Ä–∏–∑, –µ—Å–ª–∏ –≤—Å–µ —á–µ—Ç—ã—Ä–µ –µ–µ —á–∏—Å–ª–∞ —Å–æ–≤–ø–∞–¥–∞—é—Ç —Å–æ —Å–ª—É—á–∞–π–Ω–æ –≤—ã–±—Ä–∞–Ω–Ω—ã–º–∏ —á–∏—Å–ª–∞–º–∏. –í–µ—Ä–æ—è—Ç–Ω–æ—Å—Ç—å —Ç–æ–≥–æ, —á—Ç–æ –î–∂–µ–Ω –≤—ã–∏–≥—Ä–∞–µ—Ç –≥–ª–∞–≤–Ω—ã–π –ø—Ä–∏–∑ –ø—Ä–∏ —É—Å–ª–æ–≤–∏–∏, —á—Ç–æ –æ–Ω–∞ —É–∂–µ –≤—ã–∏–≥—Ä–∞–ª–∞ –ø—Ä–∏–∑, —Ä–∞–≤–Ω–∞ m/n, –≥–¥–µ m –∏ n - –≤–∑–∞–∏–º–Ω–æ –ø—Ä–æ—Å—Ç—ã–µ –ø–æ–ª–æ–∂–∏—Ç–µ–ª—å–Ω—ã–µ —Ü–µ–ª—ã–µ —á–∏—Å–ª–∞. –í—ã–±—Ä–∞–Ω–Ω—ã–µ –î–∂–µ–Ω —á–∏—Å–ª–∞ –≤ –Ω–∞—á–∞–ª–µ –º–æ–≥—É—Ç –ø–æ–≤–ª–∏—è—Ç—å –Ω–∞ –µ–µ –≤–µ—Ä–æ—è—Ç–Ω–æ—Å—Ç—å –≤—ã–∏–≥—Ä—ã—à–∞ –≥–ª–∞–≤–Ω–æ–≥–æ –ø—Ä–∏–∑–∞. –ù–∞–π–¥–∏—Ç–µ m + n.",116,102,88,124,A
"–ê–ª–∏—Å–∞ –∏ –ë–æ–± —É—á–∞—Å—Ç–≤—É—é—Ç –≤ —Å–ª–µ–¥—É—é—â–µ–π –∏–≥—Ä–µ. –ü–µ—Ä–µ–¥ –Ω–∏–º–∏ –Ω–∞—Ö–æ–¥–∏—Ç—Å—è —Å—Ç–æ–ø–∫–∞, —Å–æ—Å—Ç–æ—è—â–∞—è –∏–∑ n —Ñ–∏—à–µ–∫. –ò–≥—Ä–æ–∫–∏ —Ö–æ–¥—è—Ç –ø–æ –æ—á–µ—Ä–µ–¥–∏, –ø—Ä–∏—á—ë–º –ê–ª–∏—Å–∞ –¥–µ–ª–∞–µ—Ç –ø–µ—Ä–≤—ã–π —Ö–æ–¥. –ù–∞ –∫–∞–∂–¥–æ–º —Ö–æ–¥–µ –∏–≥—Ä–æ–∫ –º–æ–∂–µ—Ç —É–±—Ä–∞—Ç—å –∏–∑ —Å—Ç–æ–ø–∫–∏ –ª–∏–±–æ 1, –ª–∏–±–æ 4 —Ñ–∏—à–∫–∏. –í—ã–∏–≥—Ä—ã–≤–∞–µ—Ç —Ç–æ—Ç, –∫—Ç–æ —É–±–µ—Ä–µ—Ç –ø–æ—Å–ª–µ–¥–Ω—é—é —Ñ–∏—à–∫—É. –û–ø—Ä–µ–¥–µ–ª–∏—Ç–µ –∫–æ–ª–∏—á–µ—Å—Ç–≤–æ –ø–æ–ª–æ–∂–∏—Ç–µ–ª—å–Ω—ã—Ö —Ü–µ–ª—ã—Ö —á–∏—Å–µ–ª n, –∫–æ—Ç–æ—Ä—ã–µ –Ω–µ –ø—Ä–µ–≤–æ—Å—Ö–æ–¥—è—Ç 2024, –¥–ª—è –∫–æ—Ç–æ—Ä—ã—Ö —É –ë–æ–±–∞ —Å—É—â–µ—Å—Ç–≤—É–µ—Ç —Å—Ç—Ä–∞—Ç–µ–≥–∏—è, –∫–æ—Ç–æ—Ä–∞—è –æ–±–µ—Å–ø–µ—á–∏–≤–∞–µ—Ç –µ–º—É –ø–æ–±–µ–¥—É –Ω–µ–∑–∞–≤–∏—Å–∏–º–æ –æ—Ç –¥–µ–π—Å—Ç–≤–∏–π –ê–ª–∏—Å—ã. –ó–∞–º–µ—Ç—å—Ç–µ, —á—Ç–æ 4 –¥–µ–ª–∏—Ç—Å—è –Ω–∞ 1 –±–µ–∑ –æ—Å—Ç–∞—Ç–∫–∞, –∞ 2024 –¥–µ–ª–∏—Ç—Å—è –Ω–∞ 4 –±–µ–∑ –æ—Å—Ç–∞—Ç–∫–∞. ",809,808,811,810,A
"–í–æ—Å–µ–º—å –æ–∫—Ä—É–∂–Ω–æ—Å—Ç–µ–π —Ä–∞–¥–∏—É—Å–∞ $34$ –ø–æ—Å–ª–µ–¥–æ–≤–∞—Ç–µ–ª—å–Ω–æ –∫–∞—Å–∞—é—Ç—Å—è –¥—Ä—É–≥ –¥—Ä—É–≥–∞, –ø—Ä–∏ —ç—Ç–æ–º –¥–≤–µ –∏–∑ —ç—Ç–∏—Ö –æ–∫—Ä—É–∂–Ω–æ—Å—Ç–µ–π –∫–∞—Å–∞—é—Ç—Å—è —Å–æ–æ—Ç–≤–µ—Ç—Å—Ç–≤–µ–Ω–Ω–æ —Å—Ç–æ—Ä–æ–Ω $AB$ –∏ $BC$ —Ç—Ä–µ—É–≥–æ–ª—å–Ω–∏–∫–∞ $ABC$. –¢–∞–∫–∂–µ –º–æ–∂–Ω–æ —Ä–∞—Å–ø–æ–ª–æ–∂–∏—Ç—å $2024$ –æ–∫—Ä—É–∂–Ω–æ—Å—Ç–µ–π —Ä–∞–¥–∏—É—Å–∞ $1$ —Ç–∞–∫–∏–º –∂–µ –æ–±—Ä–∞–∑–æ–º. –í–æ–∑–º–æ–∂–Ω–æ, –º–µ–∂–¥—É —á–∏—Å–ª–∞–º–∏ 8, 34 –∏ 2024 —Å—É—â–µ—Å—Ç–≤—É–µ—Ç –∫–∞–∫–∞—è - —Ç–æ –æ—Å–æ–±–∞—è —Å–≤—è–∑—å. –†–∞–¥–∏—É—Å –≤–ø–∏—Å–∞–Ω–Ω–æ–π –æ–∫—Ä—É–∂–Ω–æ—Å—Ç–∏ —Ç—Ä–µ—É–≥–æ–ª—å–Ω–∏–∫–∞ $ABC$ –º–æ–∂–Ω–æ –∑–∞–ø–∏—Å–∞—Ç—å –≤ –≤–∏–¥–µ $\frac{m}{n}$, –≥–¥–µ $m$ –∏ $n$ ‚Äî –≤–∑–∞–∏–º–Ω–æ –ø—Ä–æ—Å—Ç—ã–µ –ø–æ–ª–æ–∂–∏—Ç–µ–ª—å–Ω—ã–µ —Ü–µ–ª—ã–µ —á–∏—Å–ª–∞. –ù–∞–π–¥–∏—Ç–µ $m + n$.",212,197,185,205,B
"–ü—É—Å—Ç—å $f(x)=|| x|-\frac{1}{2}|$ –∏ $g(x)=|| x|-\frac{1}{4}|$. –û–ø—Ä–µ–¥–µ–ª–∏—Ç–µ –∫–æ–ª–∏—á–µ—Å—Ç–≤–æ —Ç–æ—á–µ–∫ –ø–µ—Ä–µ—Å–µ—á–µ–Ω–∏—è –≥—Ä–∞—Ñ–∏–∫–æ–≤ —Ñ—É–Ω–∫—Ü–∏–π $$y=4 g(f(\sin (2 \pi x))) \quad\text{ –∏ }\quad x=4 g(f(\cos (3 \pi y))).$$ –ó–∞–º–µ—Ç—å—Ç–µ, —á—Ç–æ $\frac{1}{2}$ –≤ –¥–≤–∞ —Ä–∞–∑–∞ –±–æ–ª—å—à–µ, —á–µ–º $\frac{1}{4}$.",390,385,375,360,B
"–ö–∞–∂–¥–∞—è –≤–µ—Ä—à–∏–Ω–∞ –ø—Ä–∞–≤–∏–ª—å–Ω–æ–≥–æ –≤–æ—Å—å–º–∏—É–≥–æ–ª—å–Ω–∏–∫–∞ –æ–∫—Ä–∞—à–∏–≤–∞–µ—Ç—Å—è –Ω–µ–∑–∞–≤–∏—Å–∏–º–æ –≤ –∫—Ä–∞—Å–Ω—ã–π –∏–ª–∏ —Å–∏–Ω–∏–π —Ü–≤–µ—Ç —Å –æ–¥–∏–Ω–∞–∫–æ–≤–æ–π –≤–µ—Ä–æ—è—Ç–Ω–æ—Å—Ç—å—é. –ù–∞–π—Ç–∏ –≤–µ—Ä–æ—è—Ç–Ω–æ—Å—Ç—å —Ç–æ–≥–æ, —á—Ç–æ –ø–æ—Å–ª–µ —ç—Ç–æ–≥–æ –º–æ–∂–Ω–æ –ø–æ–≤–µ—Ä–Ω—É—Ç—å –≤–æ—Å—å–º–∏—É–≥–æ–ª—å–Ω–∏–∫ (–ø–æ–≤–æ—Ä–æ—Ç –º–æ–∂–µ—Ç –±—ã—Ç—å –∫–∞–∫ –ø–æ —á–∞—Å–æ–≤–æ–π —Å—Ç—Ä–µ–ª–∫–µ, —Ç–∞–∫ –∏ –ø—Ä–æ—Ç–∏–≤ —á–∞—Å–æ–≤–æ–π —Å—Ç—Ä–µ–ª–∫–∏) —Ç–∞–∫, —á—Ç–æ–±—ã –≤—Å–µ —Å–∏–Ω–∏–µ –≤–µ—Ä—à–∏–Ω—ã –æ–∫–∞–∑–∞–ª–∏—Å—å –Ω–∞ –ø–æ–∑–∏—Ü–∏—è—Ö, –≥–¥–µ –∏–∑–Ω–∞—á–∞–ª—å–Ω–æ –±—ã–ª–∏ –∫—Ä–∞—Å–Ω—ã–µ –≤–µ—Ä—à–∏–Ω—ã. –≠—Ç–∞ –≤–µ—Ä–æ—è—Ç–Ω–æ—Å—Ç—å —Ä–∞–≤–Ω–∞ $\tfrac{m}{n}$, –≥–¥–µ $m$ –∏ $n$ ‚Äî –≤–∑–∞–∏–º–Ω–æ –ø—Ä–æ—Å—Ç—ã–µ –ø–æ–ª–æ–∂–∏—Ç–µ–ª—å–Ω—ã–µ —Ü–µ–ª—ã–µ —á–∏—Å–ª–∞. –ß–µ–º—É —Ä–∞–≤–Ω–æ $m + n$? ",371,350,360,380,A
"–ù–∞–π–¥–∏—Ç–µ –∫–æ–ª–∏—á–µ—Å—Ç–≤–æ —Ç—Ä–æ–µ–∫ –Ω–µ–æ—Ç—Ä–∏—Ü–∞—Ç–µ–ª—å–Ω—ã—Ö —Ü–µ–ª—ã—Ö —á–∏—Å–µ–ª $(a,b,c)$, –¥–ª—è –∫–æ—Ç–æ—Ä—ã—Ö –≤—ã–ø–æ–ª–Ω—è—é—Ç—Å—è —É—Å–ª–æ–≤–∏—è $a + b + c = 300$ –∏ $$a^2b + a^2c + b^2a + b^2c + c^2a + c^2b = 6,000,000.$$ –í–æ–∑–º–æ–∂–Ω–æ, –±—É–¥–µ—Ç –ø–æ–ª–µ–∑–Ω–æ –ø—Ä–æ–≤–µ—Ä–∏—Ç—å –∑–∞–∫–æ–Ω–æ–º–µ—Ä–Ω–æ—Å—Ç–∏, –ø–æ–¥—Å—Ç–∞–≤–∏–≤ –Ω–µ–±–æ–ª—å—à–∏–µ –∑–Ω–∞—á–µ–Ω–∏—è $a$, $b$ –∏ $c$, —Å—É–º–º–∞ –∫–æ—Ç–æ—Ä—ã—Ö —Ä–∞–≤–Ω–∞ $300$.",400,300,500,601,D
"–°—É—â–µ—Å—Ç–≤—É—é—Ç —Ç–∞–∫–∏–µ –¥–µ–π—Å—Ç–≤–∏—Ç–µ–ª—å–Ω—ã–µ —á–∏—Å–ª–∞ $x$ –∏ $y$, –∫–æ—Ç–æ—Ä—ã–µ –æ–±–∞ –±–æ–ª—å—à–µ 1, —á—Ç–æ $\log_x\left(y^x\right)=\log_y\left(x^{4y}\right)=10$. –ò–∑ –¥–∞–Ω–Ω–æ–≥–æ —É—Ä–∞–≤–Ω–µ–Ω–∏—è –º–æ–∂–Ω–æ –ª–µ–≥–∫–æ –Ω–∞–π—Ç–∏ –∑–Ω–∞—á–µ–Ω–∏—è $x$ –∏ $y$ –ø–æ –æ—Ç–¥–µ–ª—å–Ω–æ—Å—Ç–∏. –ù–∞–π–¥–∏—Ç–µ –ø—Ä–æ–∏–∑–≤–µ–¥–µ–Ω–∏–µ $xy$. ",25,10,20,30,A
"–ê–ª–∏—Å–∞ –≤—ã–±–∏—Ä–∞–µ—Ç –º–Ω–æ–∂–µ—Å—Ç–≤–æ $A$ –∏–∑ –ø–æ–ª–æ–∂–∏—Ç–µ–ª—å–Ω—ã—Ö —Ü–µ–ª—ã—Ö —á–∏—Å–µ–ª. –ó–∞—Ç–µ–º –ë–æ–± –ø–µ—Ä–µ—á–∏—Å–ª—è–µ—Ç –≤—Å–µ –∫–æ–Ω–µ—á–Ω—ã–µ –Ω–µ–ø—É—Å—Ç—ã–µ –º–Ω–æ–∂–µ—Å—Ç–≤–∞ $B$ –∏–∑ –ø–æ–ª–æ–∂–∏—Ç–µ–ª—å–Ω—ã—Ö —Ü–µ–ª—ã—Ö —á–∏—Å–µ–ª, –¥–ª—è –∫–æ—Ç–æ—Ä—ã—Ö –º–∞–∫—Å–∏–º–∞–ª—å–Ω—ã–π —ç–ª–µ–º–µ–Ω—Ç –º–Ω–æ–∂–µ—Å—Ç–≤–∞ $B$ –ª–µ–∂–∏—Ç –≤ –º–Ω–æ–∂–µ—Å—Ç–≤–µ $A$. –í —Å–ø–∏—Å–∫–µ, —Å–æ—Å—Ç–∞–≤–ª–µ–Ω–Ω–æ–º –ë–æ–±–æ–º, —Å–æ–¥–µ—Ä–∂–∏—Ç—Å—è 2024 –º–Ω–æ–∂–µ—Å—Ç–≤–∞. –ö–æ–ª–∏—á–µ—Å—Ç–≤–æ —ç—Ç–∏—Ö –º–Ω–æ–∂–µ—Å—Ç–≤ –º–æ–∂–µ—Ç –±—ã—Ç—å —Å–≤—è–∑–∞–Ω–æ —Å —ç–ª–µ–º–µ–Ω—Ç–∞–º–∏ –º–Ω–æ–∂–µ—Å—Ç–≤–∞ $A$ –ø–æ –∫—Ä–∞—Ç–Ω–æ—Å—Ç–∏. –ù–∞–π—Ç–∏ —Å—É–º–º—É —ç–ª–µ–º–µ–Ω—Ç–æ–≤ –º–Ω–æ–∂–µ—Å—Ç–≤–∞ $A$. ",65,75,45,55,D
"–ù–∞–π–¥–∏—Ç–µ –Ω–∞–∏–±–æ–ª—å—à—É—é –≤–æ–∑–º–æ–∂–Ω—É—é –≤–µ—â–µ—Å—Ç–≤–µ–Ω–Ω—É—é —á–∞—Å—Ç—å –≤—ã—Ä–∞–∂–µ–Ω–∏—è

$$
(75 + 117i)z + \frac{96 + 144i}{z},
$$

–≥–¥–µ $z$ ‚Äî –∫–æ–º–ø–ª–µ–∫—Å–Ω–æ–µ —á–∏—Å–ª–æ, –¥–ª—è –∫–æ—Ç–æ—Ä–æ–≥–æ –º–æ–¥—É–ª—å $|z| = 4$. –í–æ–∑–º–æ–∂–Ω—ã–π —Å–ø–æ—Å–æ–± —Ä–µ—à–µ–Ω–∏—è ‚Äî –ø—Ä–∏—Ä–∞–≤–Ω—è—Ç—å –º–Ω–∏–º—É—é —á–∞—Å—Ç—å —ç—Ç–æ–≥–æ –≤—ã—Ä–∞–∂–µ–Ω–∏—è –∫ –Ω—É–ª—é, —á—Ç–æ–±—ã –æ–Ω–æ —Å—Ç–∞–ª–æ –≤–µ—â–µ—Å—Ç–≤–µ–Ω–Ω—ã–º.",560,520,540,500,C
"–ù–∞–π–¥–∏—Ç–µ –∫–æ–ª–∏—á–µ—Å—Ç–≤–æ —Å–ø–æ—Å–æ–±–æ–≤ –∑–∞–ø–æ–ª–Ω–∏—Ç—å –∫–∞–∂–¥—É—é —è—á–µ–π–∫—É —Å–µ—Ç–∫–∏ 2x3 —Ü–∏—Ñ—Ä–∞–º–∏ —Ç–∞–∫, —á—Ç–æ–±—ã —Å—É–º–º–∞ –¥–≤—É—Ö —á–∏—Å–µ–ª, –ø–æ–ª—É—á–µ–Ω–Ω—ã—Ö –ø—Ä–∏ —Å—á–∏—Ç—ã–≤–∞–Ω–∏–∏ —Å–ª–µ–≤–∞ –Ω–∞–ø—Ä–∞–≤–æ, —Å–æ—Å—Ç–∞–≤–ª—è–ª–∞ 999, –∞ —Å—É–º–º–∞ —Ç—Ä–µ—Ö —á–∏—Å–µ–ª, –ø–æ–ª—É—á–µ–Ω–Ω—ã—Ö –ø—Ä–∏ —Å—á–∏—Ç—ã–≤–∞–Ω–∏–∏ —Å–≤–µ—Ä—Ö—É –≤–Ω–∏–∑, —Å–æ—Å—Ç–∞–≤–ª—è–ª–∞ 99. –°–ª–µ–¥—É—é—â–∞—è —Å–µ—Ç–∫–∞ —è–≤–ª—è–µ—Ç—Å—è –ø—Ä–∏–º–µ—Ä–æ–º —Ç–∞–∫–æ–π –∫–æ–º–±–∏–Ω–∞—Ü–∏–∏, —Ç–∞–∫ –∫–∞–∫ 8 + 991 = 999 –∏ 9 + 9 + 81 = 99.

$$\begin{array}{|c|c|c|} \hline 0 & 0 & 8 \\ \hline 9 & 9 & 1 \\ \hline \end{array}$$

–í–æ–∑–º–æ–∂–Ω–æ, –∏–º–µ–µ—Ç —Å–º—ã—Å–ª –Ω–∞—á–∞—Ç—å –ø–æ–∏—Å–∫ –∑–∞–∫–æ–Ω–æ–º–µ—Ä–Ω–æ—Å—Ç–µ–π —Å –±–æ–ª–µ–µ –ø—Ä–æ—Å—Ç–æ–≥–æ —Å–ª—É—á–∞—è, –∫–æ–≥–¥–∞ —Å—É–º–º–∞ –¥–≤—É—Ö —á–∏—Å–µ–ª, –ø–æ–ª—É—á–µ–Ω–Ω—ã—Ö –ø—Ä–∏ —Å—á–∏—Ç—ã–≤–∞–Ω–∏–∏ —Å–ª–µ–≤–∞ –Ω–∞–ø—Ä–∞–≤–æ, —Ä–∞–≤–Ω–∞ 111, –∞ —Å—É–º–º–∞ —Ç—Ä–µ—Ö —á–∏—Å–µ–ª, –ø–æ–ª—É—á–µ–Ω–Ω—ã—Ö –ø—Ä–∏ —Å—á–∏—Ç—ã–≤–∞–Ω–∏–∏ —Å–≤–µ—Ä—Ö—É –≤–Ω–∏–∑, —Ä–∞–≤–Ω–∞ 11.",36,54,45,63,C
"–ö–∞–∂–¥–æ–µ —É—Ç—Ä–æ –ê—è —Å–æ–≤–µ—Ä—à–∞–µ—Ç –ø—Ä–æ–≥—É–ª–∫—É –¥–ª–∏–Ω–æ–π –¥–µ–≤—è—Ç—å –∫–∏–ª–æ–º–µ—Ç—Ä–æ–≤ –∏ –æ—Å—Ç–∞–Ω–∞–≤–ª–∏–≤–∞–µ—Ç—Å—è —É –∫–æ—Ñ–µ–π–Ω–∏ –ø–æ –ø—É—Ç–∏. –ü—Ä–∏ –ø–æ—Å—Ç–æ—è–Ω–Ω–æ–π —Å–∫–æ—Ä–æ—Å—Ç–∏ $s$ –∫–∏–ª–æ–º–µ—Ç—Ä–æ–≤ –≤ —á–∞—Å –ø—Ä–æ–≥—É–ª–∫–∞ –¥–ª–∏—Ç—Å—è 4 —á–∞—Å–∞, –≤ —Ç–æ–º —á–∏—Å–ª–µ $t$ –º–∏–Ω—É—Ç, –∫–æ—Ç–æ—Ä—ã–µ –æ–Ω–∞ –ø—Ä–æ–≤–æ–¥–∏—Ç –≤ –∫–æ—Ñ–µ–π–Ω–µ. –ü—Ä–∏ —Å–∫–æ—Ä–æ—Å—Ç–∏ $s + 2$ –∫–∏–ª–æ–º–µ—Ç—Ä–∞ –≤ —á–∞—Å –ø—Ä–æ–≥—É–ª–∫–∞ –∑–∞–Ω–∏–º–∞–µ—Ç 2 —á–∞—Å–∞ 24 –º–∏–Ω—É—Ç—ã, –≤ —Ç–æ–º —á–∏—Å–ª–µ $t$ –º–∏–Ω—É—Ç, –ø—Ä–æ–≤–µ–¥–µ–Ω–Ω—ã—Ö –≤ –∫–æ—Ñ–µ–π–Ω–µ. –ü—Ä–µ–¥–ø–æ–ª–æ–∂–∏–º, —á—Ç–æ –ê—è –∏–¥–µ—Ç —Å–æ —Å–∫–æ—Ä–æ—Å—Ç—å—é $s+\frac{1}{2}$ –∫–∏–ª–æ–º–µ—Ç—Ä–∞ –≤ —á–∞—Å. –û–ø—Ä–µ–¥–µ–ª–∏—Ç–µ –∫–æ–ª–∏—á–µ—Å—Ç–≤–æ –º–∏–Ω—É—Ç, –∫–æ—Ç–æ—Ä–æ–µ –∑–∞–π–º–µ—Ç –ø—Ä–æ–≥—É–ª–∫–∞, –≤–∫–ª—é—á–∞—è $t$ –º–∏–Ω—É—Ç, –ø—Ä–æ–≤–µ–¥–µ–Ω–Ω—ã—Ö –≤ –∫–æ—Ñ–µ–π–Ω–µ. –ò–Ω–æ–≥–¥–∞ –±—ã–≤–∞–µ—Ç —É–¥–æ–±–Ω–µ–µ –Ω–∞–π—Ç–∏ –æ—Ç–≤–µ—Ç, –∏—Å–ø–æ–ª—å–∑—É—è —Ñ–æ—Ä–º—É–ª—ã —Å—Ä–µ–¥–Ω–µ–π —Å–∫–æ—Ä–æ—Å—Ç–∏ –¥–ª—è –≤—Å–µ–π –ø—Ä–æ–≥—É–ª–∫–∏, –≤–∫–ª—é—á–∞—è –æ—Å—Ç–∞–Ω–æ–≤–∫—É –≤ –∫–æ—Ñ–µ–π–Ω–µ, –∞ –Ω–µ —Ç–æ–ª—å–∫–æ –¥–ª—è —Å–∞–º–æ–π —Ö–æ–¥—å–±—ã. ",180,220,204,240,C
"–ü—É—Å—Ç—å $N$ ‚Äî –Ω–∞–∏–±–æ–ª—å—à–µ–µ —á–µ—Ç—ã—Ä–µ—Ö–∑–Ω–∞—á–Ω–æ–µ –ø–æ–ª–æ–∂–∏—Ç–µ–ª—å–Ω–æ–µ —á–∏—Å–ª–æ, –æ–±–ª–∞–¥–∞—é—â–µ–µ —Ç–µ–º —Å–≤–æ–π—Å—Ç–≤–æ–º, —á—Ç–æ –ø—Ä–∏ –∑–∞–º–µ–Ω–µ –ª—é–±–æ–π –µ–≥–æ —Ü–∏—Ñ—Ä—ã –Ω–∞ $1$ –ø–æ–ª—É—á–µ–Ω–Ω–æ–µ —á–∏—Å–ª–æ –¥–µ–ª–∏—Ç—Å—è –Ω–∞ $7$. –ü—É—Å—Ç—å $Q$ –∏ $R$ ‚Äî —Å–æ–æ—Ç–≤–µ—Ç—Å—Ç–≤–µ–Ω–Ω–æ —á–∞—Å—Ç–Ω–æ–µ –∏ –æ—Å—Ç–∞—Ç–æ–∫ –æ—Ç –¥–µ–ª–µ–Ω–∏—è $N$ –Ω–∞ $1000$. –ù–∞–π—Ç–∏ $Q + R$.",698,701,699,700,C
"–†–∞—Å—Å–º–æ—Ç—Ä–∏–º –ø—É—Ç–∏ –¥–ª–∏–Ω—ã $16$, –∏–¥—É—â–∏–µ –ø–æ –ª–∏–Ω–∏—è–º –æ—Ç –ª–µ–≤–æ–≥–æ –Ω–∏–∂–Ω–µ–≥–æ —É–≥–ª–∞ –¥–æ –ø—Ä–∞–≤–æ–≥–æ –≤–µ—Ä—Ö–Ω–µ–≥–æ —É–≥–ª–∞ –Ω–∞ —Å–µ—Ç–∫–µ $8\times 8$. –û–ø—Ä–µ–¥–µ–ª–∏—Ç–µ –∫–æ–ª–∏—á–µ—Å—Ç–≤–æ —Ç–∞–∫–∏—Ö –ø—É—Ç–µ–π, –∫–æ—Ç–æ—Ä—ã–µ –º–µ–Ω—è—é—Ç –Ω–∞–ø—Ä–∞–≤–ª–µ–Ω–∏–µ —Ä–æ–≤–Ω–æ —á–µ—Ç—ã—Ä–µ —Ä–∞–∑–∞, –∫–∞–∫ –Ω–∞ –ø—Ä–∏–º–µ—Ä–∞—Ö –Ω–∏–∂–µ. –ù–µ –∑–∞–±—ã–≤–∞–π—Ç–µ —É—á–∏—Ç—ã–≤–∞—Ç—å —Å–ª—É—á–∞–∏, –∫–æ–≥–¥–∞ –ø—É—Ç–∏ –º–æ–≥—É—Ç –∫–∞—Å–∞—Ç—å—Å—è –∏–ª–∏ –ø–æ–≤—Ç–æ—Ä—è—Ç—å —Å–µ–±—è. ",350,320,294,256,C
"–ü—É—Å—Ç—å $p$ ‚Äî –Ω–∞–∏–º–µ–Ω—å—à–µ–µ –ø—Ä–æ—Å—Ç–æ–µ —á–∏—Å–ª–æ, –¥–ª—è –∫–æ—Ç–æ—Ä–æ–≥–æ —Å—É—â–µ—Å—Ç–≤—É–µ—Ç –ø–æ–ª–æ–∂–∏—Ç–µ–ª—å–Ω–æ–µ —Ü–µ–ª–æ–µ —á–∏—Å–ª–æ $n$, –ø—Ä–∏ –∫–æ—Ç–æ—Ä–æ–º $n^{4}+1$ –∫—Ä–∞—Ç–Ω–æ $p^{2}$. –ù–∞–π—Ç–∏ –Ω–∞–∏–º–µ–Ω—å—à–µ–µ –ø–æ–ª–æ–∂–∏—Ç–µ–ª—å–Ω–æ–µ —Ü–µ–ª–æ–µ —á–∏—Å–ª–æ $m$, –ø—Ä–∏ –∫–æ—Ç–æ—Ä–æ–º $m^{4}+1$ –∫—Ä–∞—Ç–Ω–æ $p^{2}$. –ü–æ—Å–ª–µ —Ä–∞–∑–ª–æ–∂–µ–Ω–∏—è $n^4+1$",100,120,90,110,D
"–ü—É—Å—Ç—å ùìë –ø—Ä–µ–¥—Å—Ç–∞–≤–ª—è–µ—Ç —Å–æ–±–æ–π –Ω–∞–±–æ—Ä –ø—Ä—è–º–æ—É–≥–æ–ª—å–Ω—ã—Ö –ø–∞—Ä–∞–ª–ª–µ–ª–µ–ø–∏–ø–µ–¥–æ–≤, —É –∫–æ—Ç–æ—Ä—ã—Ö –ø–ª–æ—â–∞–¥—å –ø–æ–≤–µ—Ä—Ö–Ω–æ—Å—Ç–∏ —Ä–∞–≤–Ω–∞ 54, –∞ –æ–±—ä–µ–º —Ä–∞–≤–µ–Ω 23. –ü—É—Å—Ç—å r - —ç—Ç–æ —Ä–∞–¥–∏—É—Å –Ω–∞–∏–º–µ–Ω—å—à–µ–π —Å—Ñ–µ—Ä—ã, –∫–æ—Ç–æ—Ä–∞—è –º–æ–∂–µ—Ç –≤–º–µ—Å—Ç–∏—Ç—å –∫–∞–∂–¥—ã–π –∏–∑ –ø—Ä—è–º–æ—É–≥–æ–ª—å–Ω—ã—Ö –ø–∞—Ä–∞–ª–ª–µ–ª–µ–ø–∏–ø–µ–¥–æ–≤, –≤—Ö–æ–¥—è—â–∏—Ö –≤ ùìë. –ó–Ω–∞—á–µ–Ω–∏–µ r¬≤ –º–æ–∂–Ω–æ –∑–∞–ø–∏—Å–∞—Ç—å –≤ –≤–∏–¥–µ –¥—Ä–æ–±–∏ p/q, –≥–¥–µ p –∏ q - –≤–∑–∞–∏–º–Ω–æ –ø—Ä–æ—Å—Ç—ã–µ –ø–æ–ª–æ–∂–∏—Ç–µ–ª—å–Ω—ã–µ —Ü–µ–ª—ã–µ —á–∏—Å–ª–∞. –ù–∞–π–¥–∏—Ç–µ p + q. –í–æ–∑–º–æ–∂–Ω–æ, —Å–Ω–∞—á–∞–ª–∞ –º—ã –¥–æ–ª–∂–Ω—ã –Ω–∞–π—Ç–∏ –≤—Å–µ –≤–æ–∑–º–æ–∂–Ω—ã–µ —Ü–µ–ª–æ—á–∏—Å–ª–µ–Ω–Ω—ã–µ —Ç—Ä–æ–π–∫–∏ (a, b, c), —Ç–∞–∫–∏–µ —á—Ç–æ ab + bc + ca = 27 –∏ abc = 23.",621,741,701,721,D
"–ù–∞–π–¥–∏—Ç–µ –∫–æ–ª–∏—á–µ—Å—Ç–≤–æ –ø—Ä—è–º–æ—É–≥–æ–ª—å–Ω–∏–∫–æ–≤, –∫–æ—Ç–æ—Ä—ã–µ –º–æ–∂–Ω–æ –æ–±—Ä–∞–∑–æ–≤–∞—Ç—å –≤–Ω—É—Ç—Ä–∏ –∑–∞–¥–∞–Ω–Ω–æ–≥–æ –ø—Ä–∞–≤–∏–ª—å–Ω–æ–≥–æ –¥–≤–µ–Ω–∞–¥—Ü–∞—Ç–∏—É–≥–æ–ª—å–Ω–∏–∫–∞ (12-—É–≥–æ–ª—å–Ω–∏–∫–∞), –ø—Ä–∏ —ç—Ç–æ–º –∫–∞–∂–¥–∞—è —Å—Ç–æ—Ä–æ–Ω–∞ –ø—Ä—è–º–æ—É–≥–æ–ª—å–Ω–∏–∫–∞ –¥–æ–ª–∂–Ω–∞ –ª–µ–∂–∞—Ç—å –ª–∏–±–æ –Ω–∞ —Å—Ç–æ—Ä–æ–Ω–µ, –ª–∏–±–æ –Ω–∞ –¥–∏–∞–≥–æ–Ω–∞–ª–∏ –¥–≤–µ–Ω–∞–¥—Ü–∞—Ç–∏—É–≥–æ–ª—å–Ω–∏–∫–∞. –ù–∞ —Ä–∏—Å—É–Ω–∫–µ –Ω–∏–∂–µ –∏–∑–æ–±—Ä–∞–∂–µ–Ω—ã —Ç—Ä–∏ —Ç–∞–∫–∏—Ö –ø—Ä—è–º–æ—É–≥–æ–ª—å–Ω–∏–∫–∞. –û–±—ã—á–Ω—ã–π —Å–ø–æ—Å–æ–± —Ä–µ—à–µ–Ω–∏—è ‚Äî –ø–µ—Ä–µ—á–∏—Å–ª–∏—Ç—å –≤—Å–µ –Ω–∞–±–æ—Ä—ã –∏–∑ —á–µ—Ç—ã—Ä—ë—Ö –≤–µ—Ä—à–∏–Ω –∏ –ø—Ä–æ–≤–µ—Ä–∏—Ç—å, –∫–∞–∫–∏–µ –∏–∑ –Ω–∏—Ö —Å–æ—Å—Ç–∞–≤–ª—è—é—Ç –ø—Ä—è–º–æ—É–≥–æ–ª—å–Ω–∏–∫–∏. ",280,340,250,315,D
"–ü—É—Å—Ç—å –≤ —Ç—Ä–µ—É–≥–æ–ª—å–Ω–∏–∫–µ ABC —Ç–æ—á–∫–∞ O —è–≤–ª—è–µ—Ç—Å—è —Ü–µ–Ω—Ç—Ä–æ–º –æ–ø–∏—Å–∞–Ω–Ω–æ–π –æ–∫—Ä—É–∂–Ω–æ—Å—Ç–∏, –∞ —Ç–æ—á–∫–∞ I ‚Äî —Ü–µ–Ω—Ç—Ä–æ–º –≤–ø–∏—Å–∞–Ω–Ω–æ–π –æ–∫—Ä—É–∂–Ω–æ—Å—Ç–∏. –ï—Å–ª–∏ –∏–∑–≤–µ—Å—Ç–Ω–æ, —á—Ç–æ –æ—Ç—Ä–µ–∑–æ–∫ IA –ø–µ—Ä–ø–µ–Ω–¥–∏–∫—É–ª—è—Ä–µ–Ω –æ—Ç—Ä–µ–∑–∫—É OI, —Ä–∞–¥–∏—É—Å –æ–ø–∏—Å–∞–Ω–Ω–æ–π –æ–∫—Ä—É–∂–Ω–æ—Å—Ç–∏ —Ä–∞–≤–µ–Ω 13, –∞ —Ä–∞–¥–∏—É—Å –≤–ø–∏—Å–∞–Ω–Ω–æ–π –æ–∫—Ä—É–∂–Ω–æ—Å—Ç–∏ —Ä–∞–≤–µ–Ω 6, —Ç–æ –Ω–∞–π—Ç–∏ –ø—Ä–æ–∏–∑–≤–µ–¥–µ–Ω–∏–µ –¥–ª–∏–Ω —Å—Ç–æ—Ä–æ–Ω AB –∏ AC. ",468,520,390,420,A
"–î–∞–Ω –Ω–∞–±–æ—Ä, —Å–æ—Å—Ç–æ—è—â–∏–π –∏–∑ $25$ –Ω–µ—Ä–∞–∑–ª–∏—á–∏–º—ã—Ö –±–µ–ª—ã—Ö —Ñ–∏—à–µ–∫ –∏ $25$ –Ω–µ—Ä–∞–∑–ª–∏—á–∏–º—ã—Ö —á–µ—Ä–Ω—ã—Ö —Ñ–∏—à–µ–∫. –û–ø—Ä–µ–¥–µ–ª–∏—Ç–µ –∫–æ–ª–∏—á–µ—Å—Ç–≤–æ —Å–ø–æ—Å–æ–±–æ–≤ —Ä–∞—Å—Å—Ç–∞–≤–∏—Ç—å –Ω–µ–∫–æ—Ç–æ—Ä—ã–µ –∏–∑ —ç—Ç–∏—Ö —Ñ–∏—à–µ–∫ –≤ $25$ —è—á–µ–π–∫–∞—Ö –µ–¥–∏–Ω–∏—á–Ω–æ–π —Å–µ—Ç–∫–∏ —Ä–∞–∑–º–µ—Ä–æ–º $5\times5$ —Ç–∞–∫, —á—Ç–æ–±—ã:

–≤ –∫–∞–∂–¥–æ–π —è—á–µ–π–∫–µ –Ω–∞—Ö–æ–¥–∏–ª–∞—Å—å –Ω–µ –±–æ–ª–µ–µ –æ–¥–Ω–æ–π —Ñ–∏—à–∫–∏;

–≤ –∫–∞–∂–¥–æ–π —Å—Ç—Ä–æ–∫–µ –∏ –≤ –∫–∞–∂–¥–æ–º —Å—Ç–æ–ª–±—Ü–µ –≤—Å–µ —Ñ–∏—à–∫–∏ –±—ã–ª–∏ –æ–¥–Ω–æ–≥–æ —Ü–≤–µ—Ç–∞;

–µ—Å–ª–∏ –¥–æ–±–∞–≤–∏—Ç—å –ª—é–±—É—é –¥–æ–ø–æ–ª–Ω–∏—Ç–µ–ª—å–Ω—É—é —Ñ–∏—à–∫—É –Ω–∞ —Å–µ—Ç–∫—É, —Ç–æ –æ–¥–Ω–æ –∏–ª–∏ –æ–±–∞ –≤—ã—à–µ–ø–µ—Ä–µ—á–∏—Å–ª–µ–Ω–Ω—ã—Ö —É—Å–ª–æ–≤–∏—è –±—É–¥—É—Ç –Ω–∞—Ä—É—à–µ–Ω—ã.",902,890,910,920,A
"–ü—É—Å—Ç—å $b \geq 2$ ‚Äî —Ü–µ–ª–æ–µ —á–∏—Å–ª–æ. –ù–∞–∑–æ–≤–µ–º –ø–æ–ª–æ–∂–∏—Ç–µ–ª—å–Ω–æ–µ —Ü–µ–ª–æ–µ —á–∏—Å–ª–æ $n$ $b$-–∫—Ä–∞—Å–∏–≤—ã–º, –µ—Å–ª–∏ –æ–Ω–æ –∏–º–µ–µ—Ç —Ä–æ–≤–Ω–æ –¥–≤–µ —Ü–∏—Ñ—Ä—ã –≤ —Å–∏—Å—Ç–µ–º–µ —Å—á–∏—Å–ª–µ–Ω–∏—è —Å –æ—Å–Ω–æ–≤–∞–Ω–∏–µ–º $b$, –∞ —Å—É–º–º–∞ —ç—Ç–∏—Ö –¥–≤—É—Ö —Ü–∏—Ñ—Ä —Ä–∞–≤–Ω–∞ $\sqrt{n}$. –ù–∞–ø—Ä–∏–º–µ—Ä, —á–∏—Å–ª–æ $81$ —è–≤–ª—è–µ—Ç—Å—è $13$-–∫—Ä–∞—Å–∏–≤—ã–º, —Ç–∞–∫ –∫–∞–∫ $81=\underline{6}\underline{3}_{13}$ –∏ $6 + 3=\sqrt{81}$. –û–ø—Ä–µ–¥–µ–ª–∏—Ç–µ –Ω–∞–∏–º–µ–Ω—å—à–µ–µ —Ü–µ–ª–æ–µ —á–∏—Å–ª–æ $b \geq 2$, –¥–ª—è –∫–æ—Ç–æ—Ä–æ–≥–æ –∏–º–µ–µ—Ç—Å—è –±–æ–ª–µ–µ –¥–µ—Å—è—Ç–∏ $b$-–∫—Ä–∞—Å–∏–≤—ã—Ö —Ü–µ–ª—ã—Ö —á–∏—Å–µ–ª. –ü–æ—Å–∫–æ–ª—å–∫—É –æ–ø—Ä–µ–¥–µ–ª–µ–Ω–∏–µ —Å–æ–¥–µ—Ä–∂–∏—Ç –∫–≤–∞–¥—Ä–∞—Ç–Ω—ã–µ –∫–æ—Ä–Ω–∏, –º–æ–∂–µ—Ç –±—ã—Ç—å –ø–æ–ª–µ–∑–Ω–æ —Ä–∞—Å—Å–º–∞—Ç—Ä–∏–≤–∞—Ç—å —Ç–æ–ª—å–∫–æ –ø–æ–ª–Ω—ã–µ –∫–≤–∞–¥—Ä–∞—Ç—ã –¥–ª—è $n$. ",220,200,211,230,C
"–ü—É—Å—Ç—å ABCDEF ‚Äî –≤—ã–ø—É–∫–ª—ã–π —Ä–∞–≤–Ω–æ—Å—Ç–æ—Ä–æ–Ω–Ω–∏–π —à–µ—Å—Ç–∏—É–≥–æ–ª—å–Ω–∏–∫, —É –∫–æ—Ç–æ—Ä–æ–≥–æ –≤—Å–µ –ø–∞—Ä—ã –ø—Ä–æ—Ç–∏–≤–æ–ø–æ–ª–æ–∂–Ω—ã—Ö —Å—Ç–æ—Ä–æ–Ω –ø–∞—Ä–∞–ª–ª–µ–ª—å–Ω—ã. –¢—Ä–µ—É–≥–æ–ª—å–Ω–∏–∫, –æ–±—Ä–∞–∑–æ–≤–∞–Ω–Ω—ã–π –ø—Ä–æ–¥–æ–ª–∂–µ–Ω–∏–µ–º –æ—Ç—Ä–µ–∑–∫–æ–≤ AB, CD –∏ EF, –∏–º–µ–µ—Ç –¥–ª–∏–Ω—ã —Å—Ç–æ—Ä–æ–Ω 200, 240 –∏ 300. –ù–∞–π—Ç–∏ –¥–ª–∏–Ω—É —Å—Ç–æ—Ä–æ–Ω—ã —ç—Ç–æ–≥–æ —à–µ—Å—Ç–∏—É–≥–æ–ª—å–Ω–∏–∫–∞. –ü—Ä–∏ —Ä–µ—à–µ–Ω–∏–∏ –∑–∞–¥–∞—á, —Å–≤—è–∑–∞–Ω–Ω—ã—Ö —Å —Ç—Ä–µ—É–≥–æ–ª—å–Ω–∏–∫–∞–º–∏, —á–∞—Å—Ç–æ –ø–æ–º–æ–≥–∞–µ—Ç –∑–∞–∫–æ–Ω –∫–æ—Å–∏–Ω—É—Å–æ–≤. ",60,120,100,80,D
"–ü—É—Å—Ç—å –Ω–∞ –≥–∏–ø–µ—Ä–±–æ–ª–µ $\frac{x^2}{20}- \frac{y^2}{24} = 1$ –∑–∞–¥–∞–Ω—ã —Ç–æ—á–∫–∏ $A$, $B$, $C$ –∏ $D$, –ø—Ä–∏—á–µ–º $ABCD$ –ø—Ä–µ–¥—Å—Ç–∞–≤–ª—è–µ—Ç —Å–æ–±–æ–π —Ä–æ–º–±, —É –∫–æ—Ç–æ—Ä–æ–≥–æ –¥–∏–∞–≥–æ–Ω–∞–ª–∏ –ø–µ—Ä–µ—Å–µ–∫–∞—é—Ç—Å—è –≤ –Ω–∞—á–∞–ª–µ –∫–æ–æ—Ä–¥–∏–Ω–∞—Ç. –û–ø—Ä–µ–¥–µ–ª–∏—Ç–µ –Ω–∞–∏–±–æ–ª—å—à–µ–µ –¥–µ–π—Å—Ç–≤–∏—Ç–µ–ª—å–Ω–æ–µ —á–∏—Å–ª–æ, –∫–æ—Ç–æ—Ä–æ–µ –≤—Å–µ–≥–¥–∞ –º–µ–Ω—å—à–µ $BD^2$ –¥–ª—è –ª—é–±—ã—Ö —Ç–∞–∫–∏—Ö —Ä–æ–º–±–æ–≤. –û–±—Ä–∞—Ç–∏—Ç–µ –≤–Ω–∏–º–∞–Ω–∏–µ, —á—Ç–æ –≤—Å–µ —á–µ—Ç—ã—Ä–µ —Å—Ç–æ—Ä–æ–Ω—ã –¥–∞–Ω–Ω–æ–≥–æ —Ä–æ–º–±–∞ –∏–º–µ—é—Ç –æ–¥–∏–Ω–∞–∫–æ–≤—É—é –¥–ª–∏–Ω—É. ",460,400,420,480,D
"–°–ø–∏—Å–æ–∫ –ø–æ–ª–æ–∂–∏—Ç–µ–ª—å–Ω—ã—Ö —Ü–µ–ª—ã—Ö —á–∏—Å–µ–ª –∏–º–µ–µ—Ç —Å–ª–µ–¥—É—é—â–∏–µ —Å–≤–æ–π—Å—Ç–≤–∞:

\bullet –°—É–º–º–∞ —ç–ª–µ–º–µ–Ω—Ç–æ–≤ –≤ —Å–ø–∏—Å–∫–µ —Ä–∞–≤–Ω–∞ 30.

\bullet –ï–¥–∏–Ω—Å—Ç–≤–µ–Ω–Ω—ã–º –º–æ–¥–æ–π —Å–ø–∏—Å–∫–∞ —è–≤–ª—è–µ—Ç—Å—è —á–∏—Å–ª–æ 9.

\bullet –ú–µ–¥–∏–∞–Ω–∞ —Å–ø–∏—Å–∫–∞ ‚Äî —ç—Ç–æ –ø–æ–ª–æ–∂–∏—Ç–µ–ª—å–Ω–æ–µ —Ü–µ–ª–æ–µ —á–∏—Å–ª–æ, –∫–æ—Ç–æ—Ä–æ–µ –Ω–µ –≤—Ö–æ–¥–∏—Ç –≤ —Å–∞–º —Å–ø–∏—Å–æ–∫.

–ù–∞–π—Ç–∏ —Å—É–º–º—É –∫–≤–∞–¥—Ä–∞—Ç–æ–≤ –≤—Å–µ—Ö —ç–ª–µ–º–µ–Ω—Ç–æ–≤ –≤ —Å–ø–∏—Å–∫–µ. –û–±—â–∏–º —Å–ø–æ—Å–æ–±–æ–º —Ä–µ—à–µ–Ω–∏—è —è–≤–ª—è–µ—Ç—Å—è —Å–æ—Å—Ç–∞–≤–ª–µ–Ω–∏–µ —Å–∏—Å—Ç–µ–º—ã —É—Ä–∞–≤–Ω–µ–Ω–∏–π –∏ –µ–µ —Ä–µ—à–µ–Ω–∏–µ –º–µ—Ç–æ–¥–æ–º –ø–æ–¥–±–æ—Ä–∞ –ø–µ—Ä–µ–º–µ–Ω–Ω—ã—Ö. ",216,226,246,236,D
"–°—Ä–µ–¥–∏ 900 –∂–∏—Ç–µ–ª–µ–π –≠–π–º–≤–∏–ª–ª—è, 195 —á–µ–ª–æ–≤–µ–∫ –≤–ª–∞–¥–µ—é—Ç –±—Ä–∏–ª–ª–∏–∞–Ω—Ç–æ–≤—ã–º –∫–æ–ª—å—Ü–æ–º, 367 —á–µ–ª–æ–≤–µ–∫ –≤–ª–∞–¥–µ—é—Ç –Ω–∞–±–æ—Ä–æ–º –≥–æ–ª—å—Ñ-–∫–ª—É–±–æ–≤ –∏ 562 —á–µ–ª–æ–≤–µ–∫ –∏–º–µ—é—Ç —Å–∞–¥–æ–≤—É—é –ª–æ–ø–∞—Ç—É. –¢–∞–∫–∂–µ –∫–∞–∂–¥—ã–π –∏–∑ 900 –∂–∏—Ç–µ–ª–µ–π –∏–º–µ–µ—Ç –º–µ—à–æ–∫ –∫–æ–Ω—Ñ–µ—Ç –≤ —Ñ–æ—Ä–º–µ —Å–µ—Ä–¥–µ—á–µ–∫. 437 –∂–∏—Ç–µ–ª–µ–π –≤–ª–∞–¥–µ—é—Ç —Ä–æ–≤–Ω–æ –¥–≤—É–º—è –∏–∑ —ç—Ç–∏—Ö –ø—Ä–µ–¥–º–µ—Ç–æ–≤, –∏ 234 –∂–∏—Ç–µ–ª–µ–π –≤–ª–∞–¥–µ—é—Ç —Ä–æ–≤–Ω–æ —Ç—Ä–µ–º—è –∏–∑ —ç—Ç–∏—Ö –ø—Ä–µ–¥–º–µ—Ç–æ–≤. –û–ø—Ä–µ–¥–µ–ª–∏—Ç–µ –∫–æ–ª–∏—á–µ—Å—Ç–≤–æ –∂–∏—Ç–µ–ª–µ–π –≠–π–º–≤–∏–ª–ª—è, –∫–æ—Ç–æ—Ä—ã–µ –≤–ª–∞–¥–µ—é—Ç –≤—Å–µ–º–∏ —á–µ—Ç—ã—Ä—å–º—è –∏–∑ —ç—Ç–∏—Ö –ø—Ä–µ–¥–º–µ—Ç–æ–≤. –û–±—â–∏–º —Å–ø–æ—Å–æ–±–æ–º —Ä–µ—à–µ–Ω–∏—è —è–≤–ª—è–µ—Ç—Å—è —Å–æ—Å—Ç–∞–≤–ª–µ–Ω–∏–µ —Å–∏—Å—Ç–µ–º—ã —É—Ä–∞–≤–Ω–µ–Ω–∏–π –∏ –µ—ë —Ä–µ—à–µ–Ω–∏–µ –ø—É—Ç—ë–º –ø–æ–¥–±–æ—Ä–∞ –ø–µ—Ä–µ–º–µ–Ω–Ω—ã—Ö. ",73,90,80,50,A
"–ü—É—Å—Ç—å –¥–∞–Ω —Ç—Ä–µ—É–≥–æ–ª—å–Ω–∏–∫ $ABC$, –≤–ø–∏—Å–∞–Ω–Ω—ã–π –≤ –æ–∫—Ä—É–∂–Ω–æ—Å—Ç—å $\omega$. –ü—É—Å—Ç—å –∫–∞—Å–∞—Ç–µ–ª—å–Ω—ã–µ –∫ –æ–∫—Ä—É–∂–Ω–æ—Å—Ç–∏ $\omega$, –ø—Ä–æ–≤–µ–¥—ë–Ω–Ω—ã–µ –≤ —Ç–æ—á–∫–∞—Ö $B$ –∏ $C$, –ø–µ—Ä–µ—Å–µ–∫–∞—é—Ç—Å—è –≤ —Ç–æ—á–∫–µ $D$, –∞ –æ—Ç—Ä–µ–∑–æ–∫ $\overline{AD}$ –ø–µ—Ä–µ—Å–µ–∫–∞–µ—Ç –æ–∫—Ä—É–∂–Ω–æ—Å—Ç—å $\omega$ –≤ —Ç–æ—á–∫–µ $P$. –ï—Å–ª–∏ –¥–ª–∏–Ω–∞ —Å—Ç–æ—Ä–æ–Ω—ã $AB$ —Ä–∞–≤–Ω–∞ $5$, –¥–ª–∏–Ω–∞ —Å—Ç–æ—Ä–æ–Ω—ã $BC$ —Ä–∞–≤–Ω–∞ $9$ –∏ –¥–ª–∏–Ω–∞ —Å—Ç–æ—Ä–æ–Ω—ã $AC$ —Ä–∞–≤–Ω–∞ $10$, —Ç–æ –¥–ª–∏–Ω–∞ –æ—Ç—Ä–µ–∑–∫–∞ $AP$ –º–æ–∂–µ—Ç –±—ã—Ç—å –∑–∞–ø–∏—Å–∞–Ω–∞ –≤ –≤–∏–¥–µ $\frac{m}{n}$, –≥–¥–µ $m$ –∏ $n$ ‚Äî –≤–∑–∞–∏–º–Ω–æ –ø—Ä–æ—Å—Ç—ã–µ —Ü–µ–ª—ã–µ —á–∏—Å–ª–∞. –ù–∞–π–¥–∏—Ç–µ —Å—É–º–º—É $m + n$. ",130,113,100,120,B
"–¢–æ—Ä $T$ –ø—Ä–µ–¥—Å—Ç–∞–≤–ª—è–µ—Ç —Å–æ–±–æ–π –ø–æ–≤–µ—Ä—Ö–Ω–æ—Å—Ç—å, –æ–±—Ä–∞–∑–æ–≤–∞–Ω–Ω—É—é –≤—Ä–∞—â–µ–Ω–∏–µ–º –æ–∫—Ä—É–∂–Ω–æ—Å—Ç–∏ —Ä–∞–¥–∏—É—Å–∞ $3$ –≤–æ–∫—Ä—É–≥ –æ—Å–∏, –ª–µ–∂–∞—â–µ–π –≤ –ø–ª–æ—Å–∫–æ—Å—Ç–∏ —ç—Ç–æ–π –æ–∫—Ä—É–∂–Ω–æ—Å—Ç–∏ –∏ –Ω–∞—Ö–æ–¥—è—â–µ–π—Å—è –Ω–∞ —Ä–∞—Å—Å—Ç–æ—è–Ω–∏–∏ $6$ –æ—Ç –µ–µ —Ü–µ–Ω—Ç—Ä–∞ (–ø–æ –≤–Ω–µ—à–Ω–µ–º—É –≤–∏–¥—É –ø–æ—Ö–æ–∂ –Ω–∞ –±—É–±–ª–∏–∫). –ü—É—Å—Ç—å $S$ - —ç—Ç–æ —Å—Ñ–µ—Ä–∞ —Ä–∞–¥–∏—É—Å–∞ $11$. –ö–æ–≥–¥–∞ —Ç–æ—Ä $T$ –∫–∞—Å–∞–µ—Ç—Å—è –≤–Ω—É—Ç—Ä–µ–Ω–Ω–µ–π –ø–æ–≤–µ—Ä—Ö–Ω–æ—Å—Ç–∏ —Å—Ñ–µ—Ä—ã $S$, –æ–Ω –≤–Ω—É—Ç—Ä–µ–Ω–Ω–µ –∫–∞—Å–∞–µ—Ç—Å—è $S$ –≤–¥–æ–ª—å –æ–∫—Ä—É–∂–Ω–æ—Å—Ç–∏ —Ä–∞–¥–∏—É—Å–∞ $r_i$, –∞ –∫–æ–≥–¥–∞ —Ç–æ—Ä $T$ –∫–∞—Å–∞–µ—Ç—Å—è –≤–Ω–µ—à–Ω–µ–π –ø–æ–≤–µ—Ä—Ö–Ω–æ—Å—Ç–∏ —Å—Ñ–µ—Ä—ã $S$, –æ–Ω –≤–Ω–µ—à–Ω–µ –∫–∞—Å–∞–µ—Ç—Å—è $S$ –≤–¥–æ–ª—å –æ–∫—Ä—É–∂–Ω–æ—Å—Ç–∏ —Ä–∞–¥–∏—É—Å–∞ $r_o$. –†–∞–∑–Ω–æ—Å—Ç—å $r_i - r_o$ –º–æ–∂–µ—Ç –±—ã—Ç—å –∑–∞–ø–∏—Å–∞–Ω–∞ –≤ –≤–∏–¥–µ $\frac{m}{n}$, –≥–¥–µ $m$ –∏ $n$ - –≤–∑–∞–∏–º–Ω–æ –ø—Ä–æ—Å—Ç—ã–µ –ø–æ–ª–æ–∂–∏—Ç–µ–ª—å–Ω—ã–µ —Ü–µ–ª—ã–µ —á–∏—Å–ª–∞. –ù–∞–π–¥–∏—Ç–µ —Å—É–º–º—É $m + n$. ",100,110,127,130,C
"–ü—É—Å—Ç—å $ABCD$ - —Ç–µ—Ç—Ä–∞—ç–¥—Ä, –ø—Ä–∏—á–µ–º $AB = CD=\sqrt{41}$, $AC = BD=\sqrt{80}$ –∏ $BC = AD=\sqrt{89}$. –í–Ω—É—Ç—Ä–∏ —ç—Ç–æ–≥–æ —Ç–µ—Ç—Ä–∞—ç–¥—Ä–∞ —Å—É—â–µ—Å—Ç–≤—É–µ—Ç —Ç–æ—á–∫–∞ $I$, —Ä–∞—Å—Å—Ç–æ—è–Ω–∏—è –æ—Ç –∫–æ—Ç–æ—Ä–æ–π –¥–æ –∫–∞–∂–¥–æ–π –∏–∑ –≥—Ä–∞–Ω–µ–π —Ç–µ—Ç—Ä–∞—ç–¥—Ä–∞ —Ä–∞–≤–Ω—ã. –≠—Ç–æ —Ä–∞—Å—Å—Ç–æ—è–Ω–∏–µ –º–æ–∂–Ω–æ –∑–∞–ø–∏—Å–∞—Ç—å –≤ –≤–∏–¥–µ $\frac{m\sqrt{n}}{p}$, –≥–¥–µ $m$, $n$ –∏ $p$ - –ø–æ–ª–æ–∂–∏—Ç–µ–ª—å–Ω—ã–µ —Ü–µ–ª—ã–µ —á–∏—Å–ª–∞, $m$ –∏ $p$ –≤–∑–∞–∏–º–Ω–æ –ø—Ä–æ—Å—Ç—ã, –∞ $n$ –Ω–µ –¥–µ–ª–∏—Ç—Å—è –Ω–∞ –∫–≤–∞–¥—Ä–∞—Ç –ª—é–±–æ–≥–æ –ø—Ä–æ—Å—Ç–æ–≥–æ —á–∏—Å–ª–∞. –ù–∞–π–¥–∏—Ç–µ $m + n + p$. –ü–æ—Å—Ç—Ä–æ–µ–Ω–∏–µ –≤–ø–∏—Å–∞–Ω–Ω–æ–π —Å—Ñ–µ—Ä—ã (–∏–Ω—Ü–µ–Ω—Ç—Ä–∞) —Ç–µ—Ç—Ä–∞—ç–¥—Ä–∞ —á–∞—Å—Ç–æ –ø–æ–ª–µ–∑–Ω–æ –ø—Ä–∏ —Ä–µ—à–µ–Ω–∏–∏ –∑–∞–¥–∞—á, —Å–≤—è–∑–∞–Ω–Ω—ã—Ö —Å —Ç–µ—Ç—Ä–∞—ç–¥—Ä–∞–º–∏.",112,104,98,108,B
"–ü—Ä—è–º–æ—É–≥–æ–ª—å–Ω–∏–∫–∏ $ABCD$ –∏ $EFGH$ –Ω–∞—Ä–∏—Å–æ–≤–∞–Ω—ã —Ç–∞–∫, —á—Ç–æ —Ç–æ—á–∫–∏ $D,E,C,F$ –Ω–∞—Ö–æ–¥—è—Ç—Å—è –Ω–∞ –æ–¥–Ω–æ–π –ø—Ä—è–º–æ–π. –¢–∞–∫–∂–µ —Ç–æ—á–∫–∏ $A,D,H,G$ –ª–µ–∂–∞—Ç –Ω–∞ –æ–∫—Ä—É–∂–Ω–æ—Å—Ç–∏. –ï—Å–ª–∏ $BC = 16$, $AB = 107$, $FG = 17$, –∏ $EF = 184$, —Ç–æ –∫–∞–∫–æ–≤–∞ –¥–ª–∏–Ω–∞ $CE$? –ï—Å–ª–∏ –¥–∞–Ω—ã –¥–ª–∏–Ω—ã —Å—Ç–æ—Ä–æ–Ω –ø—Ä—è–º–æ—É–≥–æ–ª—å–Ω–∏–∫–æ–≤, —Ç–æ –∏—Å–ø–æ–ª—å–∑–æ–≤–∞–Ω–∏–µ –ø–ª–æ—â–∞–¥–∏ –º–æ–∂–µ—Ç –ø–æ–º–æ—á—å –≤ —Ä–µ—à–µ–Ω–∏–∏ –∑–∞–¥–∞—á–∏. ",94,104,124,114,B
"–ü—É—Å—Ç—å $\omega \neq 1$ —è–≤–ª—è–µ—Ç—Å—è –∫–æ—Ä–Ω–µ–º 13-–π —Å—Ç–µ–ø–µ–Ω–∏ –∏–∑ –µ–¥–∏–Ω–∏—Ü—ã. –û–ø—Ä–µ–¥–µ–ª–∏—Ç–µ –æ—Å—Ç–∞—Ç–æ–∫ –æ—Ç –¥–µ–ª–µ–Ω–∏—è
$$ \prod_{k=0}^{12}(2 - 2\omega^k + \omega^{2k}) $$ –Ω–∞ 1000.",456,789,321,123,C
