"Soient $x$, $y$ et $z$ des nombres réels strictement positifs tels qu'ils vérifient le système d'équations suivant :
$$\log_2\left({x \over yz}\right) = {1 \over 2}$$
Rappelons que le logarithme en base 2, noté $\log_2$, correspond à l'exposant auquel il faut élever 2 pour obtenir l'argument considéré.
$$\log_2\left({y \over xz}\right) = {1 \over 3}$$
$$\log_2\left({z \over xy}\right) = {1 \over 4}$$
Si la valeur de $\left|\log_2(x^4y^3z^2)\right|$ est égale à $\tfrac{m}{n}$, avec $m$ et $n$ des entiers strictement positifs premiers entre eux, trouver $m + n$.",33
"Soit $O(0,0)$, $A(\frac{1}{2}, 0)$ et $B(0, \frac{\sqrt{3}}{2})$ des points dans le plan cartésien. Rappelons que, en géométrie coordonnée, le premier quadrant est formé de tous les points dont les deux coordonnées sont positives. Soit $\mathcal{F}$ l'ensemble des segments $\overline{PQ}$ de longueur unitaire situés dans le premier quadrant, avec $P$ sur l'axe des abscisses et $Q$ sur l'axe des ordonnées. Il existe un seul point $C$ sur $\overline{AB}$, différent de $A$ et $B$, qui n'appartient à aucun segment de $\mathcal{F}$ autre que $\overline{AB}$. Alors $OC^2 = \frac{p}{q}$, où $p$ et $q$ sont des entiers positifs premiers entre eux. Trouver $p + q$.",23
"Jen takes part in a lottery by choosing 4 distinct numbers from the set S = {1, 2, 3, ..., 9, 10}. 4 numbers are randomly drawn from S. In number theory, two integers are said to be relatively prime if their greatest common divisor is equal to 1. She wins a prize if at least two of the numbers she has chosen are among the drawn numbers, and wins the grand prize if the four numbers she has chosen are exactly the drawn numbers. The probability that she wins the grand prize given that she has won a prize is equal to m/n, where m and n are positive integers that are relatively prime. Determine m + n.",116
"Alice et Bob jouent au jeu suivant. Une pile de $n$ jetons est placée devant eux. Les joueurs jouent à tour de rôle, avec Alice commençant. En théorie des jeux combinatoires, une stratégie gagnante est un plan prédéterminé de mouvements qui assure la victoire, peu importe les choix de l'adversaire. À chaque tour, le joueur peut retirer soit $1$ jeton soit $4$ jetons de la pile. Le joueur qui retire le dernier jeton remporte la partie. Trouver le nombre d'entiers positifs $n$ inférieurs ou égaux à $2024$ pour lesquels il existe une stratégie pour Bob lui permettant de gagner de manière certaine, quelle que soit la façon dont Alice joue.",809
"Huit cercles de rayon $34$ sont tangents les uns aux autres successivement, et deux de ces cercles sont respectivement tangents aux côtés $AB$ et $BC$ du triangle $ABC$. Il est possible de disposer $2024$ cercles de rayon $1$ de la même façon. En géométrie des triangles, le rayon du cercle inscrit est le rayon du cercle qui est tangent aux trois côtés du triangle. Le rayon du cercle inscrit dans le triangle $ABC$ peut s'écrire sous la forme $\frac{m}{n}$, où $m$ et $n$ sont des entiers positifs premiers entre eux. Trouvez la valeur de $m + n$.",197
"Définir $f(x)=|| x|-\tfrac{1}{2}|$ et $g(x)=|| x|-\tfrac{1}{4}|$. En mathématiques, la valeur absolue |x| correspond à la distance non négative de x à 0, et la composition de fonctions telle que g(f(t)) consiste à appliquer d'abord f à t, puis à appliquer g au résultat obtenu. Déterminer le nombre d'intersections des courbes représentées par \[y=4 g(f(\sin (2 \pi x))) \quad\text{ et }\quad x=4 g(f(\cos (3 \pi y))).\]",385
"Chaque sommet d'un octogone régulier est colorié de manière indépendante en rouge ou en bleu avec la même probabilité. Ici, « de manière indépendante et avec la même probabilité » signifie que chaque sommet est colorié en rouge ou en bleu avec une probabilité de 1/2, et que la couleur choisie pour un sommet n'a pas d'influence sur les autres. La probabilité que l'octogone puisse ensuite être tourné de façon à ce que tous les sommets bleus se trouvent à des positions où il y avait initialement des sommets rouges est égale à $\tfrac{m}{n}$, où $m$ et $n$ sont des entiers positifs premiers entre eux. Quelle est la valeur de $m + n$ ?",371
"Trouver le nombre de triplets d'entiers non négatifs $(a,b,c)$ tels que $a + b + c = 300$ et 
En théorie des nombres, un entier non négatif est un entier supérieur ou égal à zéro. 
\[a^2b + a^2c + b^2a + b^2c + c^2a + c^2b = 6\,000\,000.\]",601
"Il y a des nombres réels $x$ et $y$, tous deux plus grands que 1, tels que $\log_x\left(y^x\right)=\log_y\left(x^{4y}\right)=10$. Dans les logarithmes, $\log_a b$ représente l'exposant auquel la base $a$ doit être élevée pour obtenir $b$, et la base doit être positive et différente de 1. Trouver la valeur de $xy$.",25
"Alice choisit un ensemble $A$ composé d'entiers positifs. Après cela, Bob liste tous les ensembles finis non vides $B$ d'entiers positifs tels que l'élément maximum de $B$ appartient à $A$. En théorie des ensembles, l'élément maximum d'un ensemble est le plus grand élément qu'il contient, et pour les ensembles finis d'entiers, c'est simplement le plus grand nombre présent. La liste de Bob compte 2024 ensembles. Trouver la somme des éléments de $A$.",55
"Trouver la plus grande partie réelle possible de \[(75 + 117i)z+\frac{96 + 144i}{z}\] pour un nombre complexe \(z\) tel que \(|z| = 4\). Rappelons que dans le domaine des nombres complexes, \(|z|\) représente le module, c'est - à - dire la distance à l'origine dans le plan complexe.",540
"Trouvez le nombre de façons de remplir chaque case d'une grille 2x3 avec un chiffre de telle sorte que la somme des deux nombres obtenus en lisant chaque ligne de gauche à droite soit égale à 999, et la somme des trois nombres obtenus en lisant chaque colonne du haut vers le bas soit égale à 99. Lorsqu'on lit de gauche à droite (ou du haut vers le bas), on concatène les chiffres pour former un nombre, de sorte que chaque ligne forme un nombre à trois chiffres et chaque colonne forme un nombre à deux chiffres ; les zéros initiaux sont autorisés et n'affectent pas la valeur. La grille ci - dessous est un exemple d'une telle configuration car 8 + 991 = 999 et 9 + 9 + 81 = 99.

$$\begin{array}{|c|c|c|} \hline 0 & 0 & 8 \\ \hline 9 & 9 & 1 \\ \hline \end{array}$$",45
"Chaque matin, Aya fait une promenade de 9 kilomètres et s'arrête ensuite dans un café. En mouvement uniforme, le temps est égal à la distance divisée par la vitesse. Ainsi, si la distance est en kilomètres et la vitesse en kilomètres par heure, le temps obtenu est mesuré en heures. Lorsque Aya marche à une vitesse constante de $ s $ kilomètres par heure, le temps total de sa promenade et de son arrêt dans le café est de 4 heures, où le temps passé dans le café est de $ t $ minutes. Lorsqu'elle marche à une vitesse de $ s + 2 $ kilomètres par heure, le temps total de sa promenade et de son arrêt dans le café est de 2 heures et 24 minutes, avec toujours $ t $ minutes passées dans le café. Si Aya marche à une vitesse de $ s + \frac{1}{2} $ kilomètres par heure, déterminez le nombre de minutes que dure le temps total de sa promenade et de son arrêt dans le café. ",204
"Soit $N$ le plus grand nombre entier positif à quatre chiffres qui a la propriété suivante : chaque fois qu'un de ses chiffres est remplacé par $1$, le nombre obtenu est divisible par $7$. En division euclidienne, le quotient est le résultat sous forme de nombre entier et le reste est la partie non négative inférieure au diviseur (ici, $1000$). Soient $Q$ et $R$ respectivement le quotient et le reste lorsque $N$ est divisé par $1000$. Calculer $Q + R$.",699
"Considérez les chemins de longueur $16$ qui suivent les lignes pour aller de l'angle inférieur gauche à l'angle supérieur droit sur une grille $8\times 8$. Dans les problèmes de chemins de réseau, un «changement de direction» se produit lorsqu'on passe d'un pas vers la droite à un pas vers le haut (ou inversement) lors de déplacements consécutifs. Trouvez le nombre de ces chemins qui effectuent exactement quatre changements de direction, comme dans les exemples illustrés ci - dessous.",294
Soit $p$ le plus petit nombre premier pour lequel il y a un entier positif $n$ tel que $p^{2}$ divise $n^{4}+1$ avec un reste égal à zéro. Trouver le plus petit entier positif $m$ tel que $p^{2}$ divise $m^{4}+1$ avec un reste égal à zéro.,110
"Soit $\mathcal{B}$ l'ensemble des boîtes rectangulaires telles que l'aire totale de chaque boîte est égale à $54$ et le volume de chaque boîte est égal à $23$. Une boîte rectangulaire (aussi appelée prisme rectangulaire) dont les longueurs des côtés sont $a$, $b$ et $c$ a une aire totale de $2(ab + bc + ca)$ et un volume de $abc$. Soit $r$ le rayon de la plus petite sphère qui peut contenir toutes les boîtes rectangulaires de l'ensemble $\mathcal{B}$. La valeur de $r^2$ peut être écrite sous la forme $\frac{p}{q}$, où $p$ et $q$ sont des entiers positifs premiers entre eux. Trouver la valeur de $p + q$.",721
"Trouvez le nombre de rectangles que l'on peut former à l'intérieur d'un dodécagone régulier donné (12-gon) de sorte que chaque côté du rectangle soit sur un côté ou sur une diagonale du dodécagone. En géométrie, un dodécagone régulier est un polygone à 12 côtés dont tous les côtés et tous les angles sont égaux. Le diagramme ci-dessous montre trois de ces rectangles.",315
"Soit $\triangle ABC$ dont le centre du cercle circonscrit est le point $O$ et le centre du cercle inscrit est le point $I$, avec $\overline{IA} \perp \overline{OI}$, un rayon du cercle circonscrit valant $13$ et un rayon du cercle inscrit valant $6$. En géométrie, le centre du cercle circonscrit est le point qui est à égale distance des sommets d'un triangle et c'est le centre du cercle circonscrit, dont le rayon est le rayon du cercle circonscrit. Trouver la valeur du produit $AB \cdot AC$.",468
"Il existe une collection composée de $25$ jetons blancs indiscernables et de $25$ jetons noirs indiscernables. En combinatoire, lorsque l'on dit que les objets sont « indiscernables », cela veut dire que les objets du même type sont considérés comme identiques, de sorte que les arrangements qui ne diffèrent que par la permutation de jetons identiques sont considérés comme identiques. Trouver le nombre de manières de placer certains de ces jetons dans les $25$ cases unitaires d'une grille $5\times5$, de telle sorte que :

chaque case contienne au plus un jeton ;
tous les jetons situés sur une même ligne, ainsi que tous les jetons situés sur une même colonne, soient de la même couleur ;
tout jeton supplémentaire placé sur la grille violerait au moins une des deux conditions précédentes.",902
"Let $b \geq 2$ be an integer. In base $b$, a two - digit number with digits $x$ and $y$ represents the value $x\cdot b + y$, where $1 \le x < b$ and $0 \le y < b$. We say that a strictly positive integer $n$ is $b$\textit{-eautiful} if, when written in base $b$, it has exactly two digits, and the sum of these two digits is equal to $\sqrt{n}$. For example, $81$ is $13$-eautiful because $81=\underline{6}\underline{3}_{13}$ and $6 + 3=\sqrt{81}$. Find the smallest integer $b \geq 2$ for which there are more than ten $b$-eautiful integers.",211
"Soit ABCDEF un hexagone convexe et équilatéral où toutes les paires de côtés opposés sont parallèles. En géométrie plane, le prolongement d'un segment désigne la droite complète définie par ce segment, s'étendant au-delà de ses extrémités. Le triangle dont les côtés sont les prolongements des segments AB, CD et EF a des longueurs de côtés égales à 200, 240 et 300. Trouvez la longueur du côté de l'hexagone.",80
"Soient $A$, $B$, $C$ et $D$ des points appartenant à l'hyperbole $\frac{x^2}{20}- \frac{y^2}{24} = 1$ de sorte que le quadrilatère $ABCD$ soit un losange dont les diagonales se croisent à l'origine. Rappelons que, en géométrie analytique, une hyperbole est une conique qui se définit comme l'ensemble des points pour lesquels la différence absolue des distances à deux foyers fixes est constante. Déterminer le plus grand nombre réel qui est inférieur à $BD^2$ pour tous les losanges vérifiant ces conditions. ",480
"Une liste composée d'entiers positifs a les caractéristiques suivantes :

\bullet La somme des éléments de cette liste est 30.

\bullet En statistiques, le mode est la valeur qui se présente le plus souvent au sein d'un ensemble de données ; affirmer que le mode unique est 9 revient à dire que 9 apparaît plus de fois que tous les autres nombres et qu'aucune autre valeur n'est en égalité pour être la plus fréquente.

\bullet La médiane de la liste est un entier positif qui n'est pas présent dans la liste elle - même.

Calculer la somme des carrés de tous les éléments de la liste.",236
"Parmi les 900 habitants d'Aimeville, 195 ont une bague en diamant, 367 ont un jeu de clubs de golf et 562 ont une bêche de jardin. Dans ce cas, « exactement deux » veut dire qu'un habitant a précisément deux des objets cités et aucun des deux autres, tandis que « exactement trois » signifie qu'il a trois des objets et pas le quatrième. De plus, chacun des 900 habitants a un sac de bonbons en forme de cœur. Il y a 437 habitants qui ont exactement deux de ces objets, et 234 habitants qui ont exactement trois de ces objets. Trouver le nombre d'habitants d'Aimeville qui ont les quatre objets.",73
"Soit $ABC$ un triangle inscrit dans un cercle $\omega$. Soient les tangentes à $\omega$ en $B$ et $C$ qui s'intersectent au point $D$, et soit $\overline{AD}$ qui coupe $\omega$ en $P$. En géométrie du cercle, le théorème de la puissance d'un point affirme que pour un point extérieur à un cercle, le carré de la longueur de la tangente est égal au produit des longueurs du segment total d'une sécante et de sa partie externe. On a $AB = 5$, $BC = 9$ et $AC = 10$. On peut exprimer $AP$ sous la forme $\frac{m}{n}$, où $m$ et $n$ sont des entiers premiers entre eux. Trouver $m + n$.",113
"Le tore $T$ est la surface obtenue en faisant tourner un cercle de rayon $3$ autour d'un axe situé dans le plan du cercle et à une distance $6$ du centre du cercle (comme un beignet). Soit $S$ une sphère de rayon $11$. En géométrie, la tangence interne et la tangence externe correspondent à deux surfaces qui se touchent sans s'intersecter, la tangence interne se produisant lorsque l'une des surfaces se trouve entièrement à l'intérieur de l'autre et la tangence externe lorsque les deux surfaces se touchent de l'extérieur ; « tangent le long d'un cercle » signifie que l'ensemble des points de contact forme une courbe circulaire. Lorsque le tore $T$ est placé à l'intérieur de la sphère $S$, il est tangent intérieurement à $S$ le long d'un cercle de rayon $r_i$, et lorsque le tore $T$ est placé à l'extérieur de la sphère $S$, il est tangent extérieurement à $S$ le long d'un cercle de rayon $r_o$. La différence $r_i - r_o$ peut s'exprimer sous la forme $\frac{m}{n}$, où $m$ et $n$ sont des entiers positifs premiers entre eux. Trouver la valeur de $m + n$. ",127
"Soit $ABCD$ un tétraèdre avec $AB = CD=\sqrt{41}$, $AC = BD=\sqrt{80}$, et $BC = AD=\sqrt{89}$. Il y a un point $I$ à l'intérieur du tétraèdre pour lequel les distances de $I$ à chacune des faces du tétraèdre sont identiques. En géométrie solide, la distance d'un point à un plan (une face d'un polyèdre) est la longueur du segment perpendiculaire du point à ce plan. Cette distance peut s'exprimer sous la forme $\frac{m\sqrt{n}}{p}$, où $m$, $n$ et $p$ sont des entiers positifs, $m$ et $p$ sont premiers entre eux, et $n$ n'est pas divisible par le carré d'un nombre premier. Calculer $m + n + p$.",104
"Des rectangles $ABCD$ et $EFGH$ sont tracés de manière à ce que les points $D$, $E$, $C$, $F$ soient sur la même droite. En géométrie, on dit que des points sont alignés lorsqu'ils se trouvent sur la même droite. De plus, les points $A$, $D$, $H$, $G$ appartiennent tous à un même cercle. Si $BC = 16$, $AB = 107$, $FG = 17$ et $EF = 184$, quelle est la longueur de $CE$ ?",104
"Soit $\omega \neq 1$ une racine 13 - ième de l'unité. Rappelons qu'en nombres complexes, une racine n - ième de l'unité est un nombre complexe z vérifiant z^n = 1, et les racines 13 - ièmes de l'unité sont régulièrement réparties sur le cercle unité. Déterminer le reste obtenu lorsque  
$$ \prod_{k=0}^{12}(2 - 2\omega^k + \omega^{2k}) $$ est divisé par 1000.",321
