"–ü—É—Å—Ç—å $x, y$ –∏ $z$ ‚Äî –ø–æ–ª–æ–∂–∏—Ç–µ–ª—å–Ω—ã–µ –¥–µ–π—Å—Ç–≤–∏—Ç–µ–ª—å–Ω—ã–µ —á–∏—Å–ª–∞, –¥–ª—è –∫–æ—Ç–æ—Ä—ã—Ö –≤—ã–ø–æ–ª–Ω—è–µ—Ç—Å—è —Å–ª–µ–¥—É—é—â–∞—è —Å–∏—Å—Ç–µ–º–∞ —É—Ä–∞–≤–Ω–µ–Ω–∏–π:  
$$\log_2\left({x \over yz}\right) = {1 \over 2}$$  
$$\log_2\left({y \over xz}\right) = {1 \over 3}$$  
$$\log_2\left({z \over xy}\right) = {1 \over 8}$$  
–¢–æ–≥–¥–∞ –º–æ–¥—É–ª—å –∑–Ω–∞—á–µ–Ω–∏—è $\log_2(x^4y^3z^2)$ —Ä–∞–≤–µ–Ω $\tfrac{m}{n}$, –≥–¥–µ $m$ –∏ $n$ ‚Äî –≤–∑–∞–∏–º–Ω–æ –ø—Ä–æ—Å—Ç—ã–µ –ø–æ–ª–æ–∂–∏—Ç–µ–ª—å–Ω—ã–µ —Ü–µ–ª—ã–µ —á–∏—Å–ª–∞. –ù–∞–π—Ç–∏ —Å—É–º–º—É $m + n$.",59
"–ü—É—Å—Ç—å –Ω–∞ –∫–æ–æ—Ä–¥–∏–Ω–∞—Ç–Ω–æ–π –ø–ª–æ—Å–∫–æ—Å—Ç–∏ –¥–∞–Ω—ã —Ç–æ—á–∫–∏ $O(0,0), A(\tfrac{\sqrt{2}}{2}, 0)$ –∏ $B(0, \tfrac{\sqrt{2}}{2})$. –†–∞—Å—Å–º–æ—Ç—Ä–∏–º —Å–µ–º–µ–π—Å—Ç–≤–æ $\mathcal{F}$ –æ—Ç—Ä–µ–∑–∫–æ–≤ $\overline{PQ}$ –¥–ª–∏–Ω–æ–π 1, –ª–µ–∂–∞—â–∏—Ö –≤ –ø–µ—Ä–≤–æ–π —á–µ—Ç–≤–µ—Ä—Ç–∏, –ø—Ä–∏—á–µ–º —Ç–æ—á–∫–∞ $P$ –ª–µ–∂–∏—Ç –Ω–∞ –æ—Å–∏ $x$, –∞ —Ç–æ—á–∫–∞ $Q$ –ª–µ–∂–∏—Ç –Ω–∞ –æ—Å–∏ $y$. –ù–∞–π–¥–µ–Ω–æ, —á—Ç–æ —Å—É—â–µ—Å—Ç–≤—É–µ—Ç –µ–¥–∏–Ω—Å—Ç–≤–µ–Ω–Ω–∞—è —Ç–æ—á–∫–∞ $C$ –Ω–∞ –æ—Ç—Ä–µ–∑–∫–µ $\overline{AB}$, –æ—Ç–ª–∏—á–Ω–∞—è –æ—Ç $A$ –∏ $B$, –∫–æ—Ç–æ—Ä–∞—è –Ω–µ –ø—Ä–∏–Ω–∞–¥–ª–µ–∂–∏—Ç –Ω–∏ –æ–¥–Ω–æ–º—É –æ—Ç—Ä–µ–∑–∫—É –∏–∑ $\mathcal{F}$, –∑–∞ –∏—Å–∫–ª—é—á–µ–Ω–∏–µ–º $\overline{AB}$. –ï—Å–ª–∏ $OC^2 = \tfrac{p}{q}$, –≥–¥–µ $p$ –∏ $q$ ‚Äî –≤–∑–∞–∏–º–Ω–æ –ø—Ä–æ—Å—Ç—ã–µ –ø–æ–ª–æ–∂–∏—Ç–µ–ª—å–Ω—ã–µ —Ü–µ–ª—ã–µ —á–∏—Å–ª–∞, —Ç–æ –Ω–∞–π–¥–∏—Ç–µ $p + q$. ",5
"–î–∂–µ–Ω –ø—Ä–∏–Ω–∏–º–∞–µ—Ç —É—á–∞—Å—Ç–∏–µ –≤ –ª–æ—Ç–µ—Ä–µ–µ, –≥–¥–µ –Ω—É–∂–Ω–æ –≤—ã–±—Ä–∞—Ç—å 4 —Ä–∞–∑–Ω—ã–µ —á–∏—Å–ª–∞ –∏–∑ –º–Ω–æ–∂–µ—Å—Ç–≤–∞ S = {1, 2, 3, ..., 9, 10}. –ó–∞—Ç–µ–º 4 —á–∏—Å–ª–∞ –≤—ã–±–∏—Ä–∞—é—Ç—Å—è —Å–ª—É—á–∞–π–Ω—ã–º –æ–±—Ä–∞–∑–æ–º –∏–∑ –º–Ω–æ–∂–µ—Å—Ç–≤–∞ S. –û–Ω–∞ –ø–æ–ª—É—á–∞–µ—Ç –ø—Ä–∏–∑, –µ—Å–ª–∏ –∫–∞–∫ –º–∏–Ω–∏–º—É–º –¥–≤–∞ –∏–∑ –µ–µ –≤—ã–±—Ä–∞–Ω–Ω—ã—Ö —á–∏—Å–µ–ª —Å–æ–≤–ø–∞–¥–∞—é—Ç —Å –¥–≤—É–º—è –∏–∑ —Å–ª—É—á–∞–π–Ω–æ –≤—ã–±—Ä–∞–Ω–Ω—ã—Ö —á–∏—Å–µ–ª, –∏ –≥–ª–∞–≤–Ω—ã–π –ø—Ä–∏–∑, –µ—Å–ª–∏ –≤—Å–µ —á–µ—Ç—ã—Ä–µ –µ–µ —á–∏—Å–ª–∞ —Å–æ–≤–ø–∞–¥–∞—é—Ç —Å–æ —Å–ª—É—á–∞–π–Ω–æ –≤—ã–±—Ä–∞–Ω–Ω—ã–º–∏ —á–∏—Å–ª–∞–º–∏. –ù–∞–π—Ç–∏ –≤–µ—Ä–æ—è—Ç–Ω–æ—Å—Ç—å —Ç–æ–≥–æ, —á—Ç–æ –î–∂–µ–Ω –≤—ã–∏–≥—Ä–∞–µ—Ç –≥–ª–∞–≤–Ω—ã–π –ø—Ä–∏–∑ –ø—Ä–∏ —É—Å–ª–æ–≤–∏–∏, —á—Ç–æ –æ–Ω–∞ —É–∂–µ –≤—ã–∏–≥—Ä–∞–ª–∞ –ø—Ä–∏–∑; –æ—Ç–≤–µ—Ç –∑–∞–ø–∏—Å–∞—Ç—å –≤ –≤–∏–¥–µ –¥—Ä–æ–±–∏ m/n, –≥–¥–µ m –∏ n - –≤–∑–∞–∏–º–Ω–æ –ø—Ä–æ—Å—Ç—ã–µ –ø–æ–ª–æ–∂–∏—Ç–µ–ª—å–Ω—ã–µ —Ü–µ–ª—ã–µ —á–∏—Å–ª–∞. –ù–∞–π—Ç–∏ m + n.",211
"–ê–ª–∏—Å–∞ –∏ –ë–æ–± —É—á–∞—Å—Ç–≤—É—é—Ç –≤ —Å–ª–µ–¥—É—é—â–µ–π –∏–≥—Ä–µ. –ü–µ—Ä–µ–¥ –Ω–∏–º–∏ –Ω–∞—Ö–æ–¥–∏—Ç—Å—è —Å—Ç–æ–ø–∫–∞ –∏–∑ n —Ñ–∏—à–µ–∫. –ò–≥—Ä–æ–∫–∏ —Ö–æ–¥—è—Ç –ø–æ –æ—á–µ—Ä–µ–¥–∏, –ø—Ä–∏—á–µ–º –ê–ª–∏—Å–∞ –¥–µ–ª–∞–µ—Ç –ø–µ—Ä–≤—ã–π —Ö–æ–¥. –ù–∞ –∫–∞–∂–¥–æ–º —Å–≤–æ–µ–º —Ö–æ–¥–µ –∏–≥—Ä–æ–∫ –º–æ–∂–µ—Ç —É–±—Ä–∞—Ç—å –∏–∑ —Å—Ç–æ–ø–∫–∏ –ª–∏–±–æ 1, –ª–∏–±–æ 4 —Ñ–∏—à–∫–∏. –í—ã–∏–≥—Ä—ã–≤–∞–µ—Ç —Ç–æ—Ç, –∫—Ç–æ —É–±–µ—Ä–µ—Ç –ø–æ—Å–ª–µ–¥–Ω—é—é —Ñ–∏—à–∫—É. –û–ø—Ä–µ–¥–µ–ª–∏—Ç–µ –∫–æ–ª–∏—á–µ—Å—Ç–≤–æ –ø–æ–ª–æ–∂–∏—Ç–µ–ª—å–Ω—ã—Ö —Ü–µ–ª—ã—Ö —á–∏—Å–µ–ª n, –Ω–µ –ø—Ä–µ–≤—ã—à–∞—é—â–∏—Ö 1037, –¥–ª—è –∫–æ—Ç–æ—Ä—ã—Ö —É –ë–æ–±–∞ –µ—Å—Ç—å —Å—Ç—Ä–∞—Ç–µ–≥–∏—è, –∫–æ—Ç–æ—Ä–∞—è –æ–±–µ—Å–ø–µ—á–∏–≤–∞–µ—Ç –µ–º—É –ø–æ–±–µ–¥—É –Ω–µ–∑–∞–≤–∏—Å–∏–º–æ –æ—Ç –¥–µ–π—Å—Ç–≤–∏–π –ê–ª–∏—Å—ã.",415
"–î–µ–≤—è—Ç—å –æ–∫—Ä—É–∂–Ω–æ—Å—Ç–µ–π —Ä–∞–¥–∏—É—Å–∞ $34$ –ø–æ—Å–ª–µ–¥–æ–≤–∞—Ç–µ–ª—å–Ω–æ –∫–∞—Å–∞—é—Ç—Å—è –¥—Ä—É–≥ –¥—Ä—É–≥–∞, –ø—Ä–∏ —ç—Ç–æ–º –¥–≤–µ –∏–∑ —ç—Ç–∏—Ö –æ–∫—Ä—É–∂–Ω–æ—Å—Ç–µ–π –∫–∞—Å–∞—é—Ç—Å—è —Å–æ–æ—Ç–≤–µ—Ç—Å—Ç–≤–µ–Ω–Ω–æ —Å—Ç–æ—Ä–æ–Ω $AB$ –∏ $BC$ —Ç—Ä–µ—É–≥–æ–ª—å–Ω–∏–∫–∞ $ABC$. –ú–æ–∂–Ω–æ —Ä–∞—Å–ø–æ–ª–æ–∂–∏—Ç—å $2024$ –æ–∫—Ä—É–∂–Ω–æ—Å—Ç–∏ —Ä–∞–¥–∏—É—Å–∞ $1$ —Ç–∞–∫–∏–º –∂–µ –æ–±—Ä–∞–∑–æ–º. –†–∞–¥–∏—É—Å –≤–ø–∏—Å–∞–Ω–Ω–æ–π –æ–∫—Ä—É–∂–Ω–æ—Å—Ç–∏ —Ç—Ä–µ—É–≥–æ–ª—å–Ω–∏–∫–∞ $ABC$ –º–æ–∂–µ—Ç –±—ã—Ç—å –∑–∞–ø–∏—Å–∞–Ω –≤ –≤–∏–¥–µ $\frac{m}{n}$, –≥–¥–µ $m$ –∏ $n$ ‚Äî –≤–∑–∞–∏–º–Ω–æ –ø—Ä–æ—Å—Ç—ã–µ –ø–æ–ª–æ–∂–∏—Ç–µ–ª—å–Ω—ã–µ —Ü–µ–ª—ã–µ —á–∏—Å–ª–∞. –ù–∞–π—Ç–∏ $m + n$.",4133
–ü—É—Å—Ç—å $f(x)=|| x|-\frac{1}{2}|$ –∏ $g(x)=|| x|-\frac{1}{4}|$. –û–ø—Ä–µ–¥–µ–ª–∏—Ç–µ –∫–æ–ª–∏—á–µ—Å—Ç–≤–æ —Ç–æ—á–µ–∫ –ø–µ—Ä–µ—Å–µ—á–µ–Ω–∏—è –≥—Ä–∞—Ñ–∏–∫–æ–≤ —Ñ—É–Ω–∫—Ü–∏–π $$y=4 g(f(\sin (2 \pi x))) \quad\text{ –∏ }\quad x=4 g(f(\cos (2 \pi y))).$$,256
"–ö–∞–∂–¥–∞—è –≤–µ—Ä—à–∏–Ω–∞ –ø—Ä–∞–≤–∏–ª—å–Ω–æ–≥–æ —à–µ—Å—Ç–∏—É–≥–æ–ª—å–Ω–∏–∫–∞ –æ–∫—Ä–∞—à–µ–Ω–∞ –≤ –∫—Ä–∞—Å–Ω—ã–π –∏–ª–∏ —Å–∏–Ω–∏–π —Ü–≤–µ—Ç –Ω–µ–∑–∞–≤–∏—Å–∏–º–æ –¥—Ä—É–≥ –æ—Ç –¥—Ä—É–≥–∞, –ø—Ä–∏—á–µ–º –≤–µ—Ä–æ—è—Ç–Ω–æ—Å—Ç—å –æ–∫—Ä–∞—à–∏–≤–∞–Ω–∏—è –≤ –∫–∞–∂–¥—ã–π –∏–∑ —ç—Ç–∏—Ö —Ü–≤–µ—Ç–æ–≤ –æ–¥–∏–Ω–∞–∫–æ–≤–∞. –ù–∞–π—Ç–∏ –≤–µ—Ä–æ—è—Ç–Ω–æ—Å—Ç—å —Ç–æ–≥–æ, —á—Ç–æ –º–æ–∂–Ω–æ –ø–æ–≤–µ—Ä–Ω—É—Ç—å —à–µ—Å—Ç–∏—É–≥–æ–ª—å–Ω–∏–∫ —Ç–∞–∫–∏–º –æ–±—Ä–∞–∑–æ–º, —á—Ç–æ–±—ã –≤—Å–µ —Å–∏–Ω–∏–µ –≤–µ—Ä—à–∏–Ω—ã –æ–∫–∞–∑–∞–ª–∏—Å—å –Ω–∞ —Ç–µ—Ö –ø–æ–∑–∏—Ü–∏—è—Ö, –≥–¥–µ –∏–∑–Ω–∞—á–∞–ª—å–Ω–æ –±—ã–ª–∏ –∫—Ä–∞—Å–Ω—ã–µ –≤–µ—Ä—à–∏–Ω—ã. –≠—Ç–∞ –≤–µ—Ä–æ—è—Ç–Ω–æ—Å—Ç—å —Ä–∞–≤–Ω–∞ $\tfrac{m}{n}$, –≥–¥–µ $m$ –∏ $n$ ‚Äî –≤–∑–∞–∏–º–Ω–æ –ø—Ä–æ—Å—Ç—ã–µ –ø–æ–ª–æ–∂–∏—Ç–µ–ª—å–Ω—ã–µ —Ü–µ–ª—ã–µ —á–∏—Å–ª–∞. –ö–∞–∫–æ–≤–æ –∑–Ω–∞—á–µ–Ω–∏–µ $m + n$?",47
"–ù–∞–π—Ç–∏ –∫–æ–ª–∏—á–µ—Å—Ç–≤–æ —Ç—Ä–æ–µ–∫ –Ω–µ–æ—Ç—Ä–∏—Ü–∞—Ç–µ–ª—å–Ω—ã—Ö —Ü–µ–ª—ã—Ö —á–∏—Å–µ–ª $(a,b,c)$, –¥–ª—è –∫–æ—Ç–æ—Ä—ã—Ö –≤—ã–ø–æ–ª–Ω—è—é—Ç—Å—è —É—Å–ª–æ–≤–∏—è $a + b + c = 400$ –∏ $$a^2b + a^2c + b^2a + b^2c + c^2a + c^2b = 6,000,000.$$",0
"–°—É—â–µ—Å—Ç–≤—É—é—Ç —Ç–∞–∫–∏–µ –¥–µ–π—Å—Ç–≤–∏—Ç–µ–ª—å–Ω—ã–µ —á–∏—Å–ª–∞ $x$ –∏ $y$, —á—Ç–æ $x > 1$ –∏ $y > 1$, –∏ –ø—Ä–∏ —ç—Ç–æ–º $\log_x\left(y^x\right)=\log_y\left(x^{4y}\right)=40$. –ù–∞–π—Ç–∏ $xy$.",400
"–ê–ª–∏—Å–∞ –≤—ã–±–∏—Ä–∞–µ—Ç –Ω–∞–±–æ—Ä $A$ –ø–æ–ª–æ–∂–∏—Ç–µ–ª—å–Ω—ã—Ö —Ü–µ–ª—ã—Ö —á–∏—Å–µ–ª. –ó–∞—Ç–µ–º –ë–æ–± –ø–µ—Ä–µ—á–∏—Å–ª—è–µ—Ç –≤—Å–µ –∫–æ–Ω–µ—á–Ω—ã–µ –Ω–µ–ø—É—Å—Ç—ã–µ –Ω–∞–±–æ—Ä—ã $B$ –ø–æ–ª–æ–∂–∏—Ç–µ–ª—å–Ω—ã—Ö —Ü–µ–ª—ã—Ö —á–∏—Å–µ–ª, –¥–ª—è –∫–æ—Ç–æ—Ä—ã—Ö –º–∞–∫—Å–∏–º–∞–ª—å–Ω—ã–π —ç–ª–µ–º–µ–Ω—Ç –Ω–∞–±–æ—Ä–∞ $B$ –≤—Ö–æ–¥–∏—Ç –≤ $A$. –í —Å–ø–∏—Å–∫–µ –ë–æ–±–∞ 2077 –Ω–∞–±–æ—Ä–æ–≤. –ù–∞–π—Ç–∏ —Å—É–º–º—É —ç–ª–µ–º–µ–Ω—Ç–æ–≤ –Ω–∞–±–æ—Ä–∞ $A$. ",25
"–ù–∞–π–¥–∏—Ç–µ –Ω–∞–∏–±–æ–ª—å—à—É—é –≤–æ–∑–º–æ–∂–Ω—É—é –≤–µ—â–µ—Å—Ç–≤–µ–Ω–Ω—É—é —á–∞—Å—Ç—å –≤—ã—Ä–∞–∂–µ–Ω–∏—è

$$
(100 + 117i)z + \frac{96 + 144i}{z},
$$

–≥–¥–µ $z$ ‚Äî –∫–æ–º–ø–ª–µ–∫—Å–Ω–æ–µ —á–∏—Å–ª–æ, –¥–ª—è –∫–æ—Ç–æ—Ä–æ–≥–æ –º–æ–¥—É–ª—å $|z|$ —Ä–∞–≤–µ–Ω $4$.",540
"–ù–∞–π–¥–∏—Ç–µ –∫–æ–ª–∏—á–µ—Å—Ç–≤–æ —Å–ø–æ—Å–æ–±–æ–≤ –∑–∞–ø–æ–ª–Ω–∏—Ç—å –∫–∞–∂–¥—É—é —è—á–µ–π–∫—É 2x4 - —Å–µ—Ç–∫–∏ —Ü–∏—Ñ—Ä–∞–º–∏ —Ç–∞–∫, —á—Ç–æ–±—ã —Å—É–º–º–∞ –¥–≤—É—Ö —á–∏—Å–µ–ª, –ø–æ–ª—É—á–µ–Ω–Ω—ã—Ö –ø—Ä–∏ —á—Ç–µ–Ω–∏–∏ —Å—Ç—Ä–æ–∫ —Å–ª–µ–≤–∞ –Ω–∞–ø—Ä–∞–≤–æ, –±—ã–ª–∞ —Ä–∞–≤–Ω–∞ 9999, –∞ —Å—É–º–º–∞ —Ç—Ä–µ—Ö —á–∏—Å–µ–ª, –ø–æ–ª—É—á–µ–Ω–Ω—ã—Ö –ø—Ä–∏ —á—Ç–µ–Ω–∏–∏ —Å—Ç–æ–ª–±—Ü–æ–≤ —Å–≤–µ—Ä—Ö—É –≤–Ω–∏–∑, –±—ã–ª–∞ —Ä–∞–≤–Ω–∞ 99. –°–ª–µ–¥—É—é—â–∞—è —Å–µ—Ç–∫–∞ —è–≤–ª—è–µ—Ç—Å—è –ø—Ä–∏–º–µ—Ä–æ–º —Ç–∞–∫–æ–π –∫–æ–º–±–∏–Ω–∞—Ü–∏–∏, —Ç–∞–∫ –∫–∞–∫ 7 + 9992 = 9999 –∏ 9 + 9 + 9 + 72 = 99.

$$\begin{array}{|c|c|c|c|} \hline 0 & 0 & 0 & 7 \\ \hline 9 & 9 & 9 & 2 \\ \hline \end{array}$$",120
"–ö–∞–∂–¥—ã–π –¥–µ–Ω—å —É—Ç—Ä–æ–º –ê—è –¥–µ–ª–∞–µ—Ç —á–µ—Ç—ã—Ä–µ—Ö–∫–∏–ª–æ–º–µ—Ç—Ä–æ–≤—É—é –ø—Ä–æ–≥—É–ª–∫—É –∏ –æ—Å—Ç–∞–Ω–∞–≤–ª–∏–≤–∞–µ—Ç—Å—è –≤ –∫–æ—Ñ–µ–π–Ω–µ –ø–æ –¥–æ—Ä–æ–≥–µ. –ï—Å–ª–∏ –æ–Ω–∞ –∏–¥–µ—Ç —Å –ø–æ—Å—Ç–æ—è–Ω–Ω–æ–π —Å–∫–æ—Ä–æ—Å—Ç—å—é $s$ –∫–∏–ª–æ–º–µ—Ç—Ä–æ–≤ –≤ —á–∞—Å, —Ç–æ –ø—Ä–æ–≥—É–ª–∫–∞, –≤–º–µ—Å—Ç–µ —Å $t$ –º–∏–Ω—É—Ç–∞–º–∏, –ø—Ä–æ–≤–µ–¥–µ–Ω–Ω—ã–º–∏ –≤ –∫–æ—Ñ–µ–π–Ω–µ, –∑–∞–Ω–∏–º–∞–µ—Ç —É –Ω–µ–µ 4 —á–∞—Å–∞. –ï—Å–ª–∏ –æ–Ω–∞ –∏–¥–µ—Ç —Å–æ —Å–∫–æ—Ä–æ—Å—Ç—å—é $s + 2$ –∫–∏–ª–æ–º–µ—Ç—Ä–∞ –≤ —á–∞—Å, —Ç–æ –ø—Ä–æ–≥—É–ª–∫–∞, –≤–∫–ª—é—á–∞—è $t$ –º–∏–Ω—É—Ç, –ø—Ä–æ–≤–µ–¥–µ–Ω–Ω—ã—Ö –≤ –∫–æ—Ñ–µ–π–Ω–µ, –∑–∞–Ω–∏–º–∞–µ—Ç 2 —á–∞—Å–∞ 24 –º–∏–Ω—É—Ç—ã. –ü—Ä–µ–¥–ø–æ–ª–æ–∂–∏–º, —á—Ç–æ –ê—è –∏–¥–µ—Ç —Å–æ —Å–∫–æ—Ä–æ—Å—Ç—å—é $s+\frac{1}{2}$ –∫–∏–ª–æ–º–µ—Ç—Ä–∞ –≤ —á–∞—Å. –û–ø—Ä–µ–¥–µ–ª–∏—Ç–µ, —Å–∫–æ–ª—å–∫–æ –º–∏–Ω—É—Ç –∑–∞–π–º–µ—Ç –ø—Ä–æ–≥—É–ª–∫–∞, –≤–∫–ª—é—á–∞—è $t$ –º–∏–Ω—É—Ç, –ø—Ä–æ–≤–µ–¥–µ–Ω–Ω—ã—Ö –≤ –∫–æ—Ñ–µ–π–Ω–µ. ",198
"–ü—É—Å—Ç—å $N$ - —ç—Ç–æ –Ω–∞–∏–±–æ–ª—å—à–µ–µ —á–µ—Ç—ã—Ä–µ—Ö–∑–Ω–∞—á–Ω–æ–µ –ø–æ–ª–æ–∂–∏—Ç–µ–ª—å–Ω–æ–µ —á–∏—Å–ª–æ, –∫–æ—Ç–æ—Ä–æ–µ –æ–±–ª–∞–¥–∞–µ—Ç —Ç–∞–∫–∏–º —Å–≤–æ–π—Å—Ç–≤–æ–º: –µ—Å–ª–∏ –ª—é–±—É—é –∏–∑ –µ–≥–æ —Ü–∏—Ñ—Ä –∑–∞–º–µ–Ω–∏—Ç—å –Ω–∞ $2$, —Ç–æ –ø–æ–ª—É—á–∏–≤—à–µ–µ—Å—è —á–∏—Å–ª–æ –±—É–¥–µ—Ç –∫—Ä–∞—Ç–Ω–æ $7$. –ü—É—Å—Ç—å $Q$ - —ç—Ç–æ —á–∞—Å—Ç–Ω–æ–µ, –∞ $R$ - —ç—Ç–æ –æ—Å—Ç–∞—Ç–æ–∫ –ø—Ä–∏ –¥–µ–ª–µ–Ω–∏–∏ $N$ –Ω–∞ $1000$. –ù–∞–π–¥–∏—Ç–µ $Q + R$. ",551
"–†–∞—Å—Å–º–æ—Ç—Ä–∏–º –ø—É—Ç–∏ –¥–ª–∏–Ω—ã $16$, –∏–¥—É—â–∏–µ –ø–æ –ª–∏–Ω–∏—è–º –æ—Ç –ª–µ–≤–æ–≥–æ –Ω–∏–∂–Ω–µ–≥–æ —É–≥–ª–∞ –∫ –ø—Ä–∞–≤–æ–º—É –≤–µ—Ä—Ö–Ω–µ–º—É —É–≥–ª—É –Ω–∞ $8\times 8$ - —Å–µ—Ç–∫–µ. –ù–∞–π–¥–∏—Ç–µ –∫–æ–ª–∏—á–µ—Å—Ç–≤–æ —Ç–∞–∫–∏—Ö –ø—É—Ç–µ–π, –∫–æ—Ç–æ—Ä—ã–µ –º–µ–Ω—è—é—Ç –Ω–∞–ø—Ä–∞–≤–ª–µ–Ω–∏–µ —Ä–æ–≤–Ω–æ —Ç—Ä–∏ —Ä–∞–∑–∞, –∫–∞–∫ –Ω–∞ –ø—Ä–∏–≤–µ–¥–µ–Ω–Ω—ã—Ö –Ω–∏–∂–µ –ø—Ä–∏–º–µ—Ä–∞—Ö.",98
"–ü—É—Å—Ç—å $p$ ‚Äî –Ω–∞–∏–º–µ–Ω—å—à–µ–µ –ø—Ä–æ—Å—Ç–æ–µ —á–∏—Å–ª–æ, –¥–ª—è –∫–æ—Ç–æ—Ä–æ–≥–æ —Å—É—â–µ—Å—Ç–≤—É–µ—Ç –ø–æ–ª–æ–∂–∏—Ç–µ–ª—å–Ω–æ–µ —Ü–µ–ª–æ–µ —á–∏—Å–ª–æ $n$, –ø—Ä–∏ –∫–æ—Ç–æ—Ä–æ–º $n^{4}+1$ –¥–µ–ª–∏—Ç—Å—è –Ω–∞ $p^{2}$. –ù–∞–π—Ç–∏ –Ω–∞–∏–º–µ–Ω—å—à–µ–µ –ø–æ–ª–æ–∂–∏—Ç–µ–ª—å–Ω–æ–µ —Ü–µ–ª–æ–µ —á–∏—Å–ª–æ $m$, –ø—Ä–∏ –∫–æ—Ç–æ—Ä–æ–º $16m^{4}+1$ –¥–µ–ª–∏—Ç—Å—è –Ω–∞ $p^{2}$.",55
"–ü—É—Å—Ç—å ùìë –ø—Ä–µ–¥—Å—Ç–∞–≤–ª—è–µ—Ç —Å–æ–±–æ–π –Ω–∞–±–æ—Ä –ø—Ä—è–º–æ—É–≥–æ–ª—å–Ω—ã—Ö –ø–∞—Ä–∞–ª–ª–µ–ª–µ–ø–∏–ø–µ–¥–æ–≤, —É –∫–æ—Ç–æ—Ä—ã—Ö –ø–ª–æ—â–∞–¥—å –ø–æ–≤–µ—Ä—Ö–Ω–æ—Å—Ç–∏ —Ä–∞–≤–Ω–∞ 54, –∞ –æ–±—ä–µ–º —Ä–∞–≤–µ–Ω 27. –ü—É—Å—Ç—å r - —Ä–∞–¥–∏—É—Å –Ω–∞–∏–º–µ–Ω—å—à–µ–π —Å—Ñ–µ—Ä—ã, –∫–æ—Ç–æ—Ä–∞—è –º–æ–∂–µ—Ç –≤–º–µ—Å—Ç–∏—Ç—å –∫–∞–∂–¥—ã–π –∏–∑ –ø—Ä—è–º–æ—É–≥–æ–ª—å–Ω—ã—Ö –ø–∞—Ä–∞–ª–ª–µ–ª–µ–ø–∏–ø–µ–¥–æ–≤, –≤—Ö–æ–¥—è—â–∏—Ö –≤ ùìë. –ó–Ω–∞—á–µ–Ω–∏–µ r¬≤ –º–æ–∂–Ω–æ –∑–∞–ø–∏—Å–∞—Ç—å –≤ –≤–∏–¥–µ –¥—Ä–æ–±–∏ p/q, –≥–¥–µ p –∏ q - –≤–∑–∞–∏–º–Ω–æ –ø—Ä–æ—Å—Ç—ã–µ –ø–æ–ª–æ–∂–∏—Ç–µ–ª—å–Ω—ã–µ —Ü–µ–ª—ã–µ —á–∏—Å–ª–∞. –ù–∞–π–¥–∏—Ç–µ p + q.",31
"–ù–∞–π–¥–∏—Ç–µ –∫–æ–ª–∏—á–µ—Å—Ç–≤–æ –ø—Ä—è–º–æ—É–≥–æ–ª—å–Ω–∏–∫–æ–≤, –∫–æ—Ç–æ—Ä—ã–µ –º–æ–∂–Ω–æ –æ–±—Ä–∞–∑–æ–≤–∞—Ç—å –≤–Ω—É—Ç—Ä–∏ –∑–∞–¥–∞–Ω–Ω–æ–≥–æ –ø—Ä–∞–≤–∏–ª—å–Ω–æ–≥–æ –≤–æ—Å—å–º–∏—É–≥–æ–ª—å–Ω–∏–∫–∞ (8-—É–≥–æ–ª—å–Ω–∏–∫–∞), –ø—Ä–∏—á–µ–º –∫–∞–∂–¥–∞—è —Å—Ç–æ—Ä–æ–Ω–∞ –ø—Ä—è–º–æ—É–≥–æ–ª—å–Ω–∏–∫–∞ –ª–µ–∂–∏—Ç –ª–∏–±–æ –Ω–∞ —Å—Ç–æ—Ä–æ–Ω–µ, –ª–∏–±–æ –Ω–∞ –¥–∏–∞–≥–æ–Ω–∞–ª–∏ –≤–æ—Å—å–º–∏—É–≥–æ–ª—å–Ω–∏–∫–∞. –ù–∞ –ø—Ä–∏–≤–µ–¥–µ–Ω–Ω–æ–π –Ω–∏–∂–µ —Å—Ö–µ–º–µ –ø–æ–∫–∞–∑–∞–Ω—ã —Ç—Ä–∏ —Ç–∞–∫–∏—Ö –ø—Ä—è–º–æ—É–≥–æ–ª—å–Ω–∏–∫–∞.",40
"–ü—É—Å—Ç—å –≤ —Ç—Ä–µ—É–≥–æ–ª—å–Ω–∏–∫–µ ABC —Ü–µ–Ω—Ç—Ä –æ–ø–∏—Å–∞–Ω–Ω–æ–π –æ–∫—Ä—É–∂–Ω–æ—Å—Ç–∏ ‚Äî —Ç–æ—á–∫–∞ O, –∞ —Ü–µ–Ω—Ç—Ä –≤–ø–∏—Å–∞–Ω–Ω–æ–π –æ–∫—Ä—É–∂–Ω–æ—Å—Ç–∏ ‚Äî —Ç–æ—á–∫–∞ I. –ï—Å–ª–∏ –∏–∑–≤–µ—Å—Ç–Ω–æ, —á—Ç–æ IA –ø–µ—Ä–ø–µ–Ω–¥–∏–∫—É–ª—è—Ä–Ω–∞ OI, —Ä–∞–¥–∏—É—Å –æ–ø–∏—Å–∞–Ω–Ω–æ–π –æ–∫—Ä—É–∂–Ω–æ—Å—Ç–∏ —Ä–∞–≤–µ–Ω 13, –∞ —Ä–∞–¥–∏—É—Å –≤–ø–∏—Å–∞–Ω–Ω–æ–π –æ–∫—Ä—É–∂–Ω–æ—Å—Ç–∏ —Ä–∞–≤–µ–Ω 8, —Ç–æ –Ω–∞–π–¥–∏—Ç–µ –ø—Ä–æ–∏–∑–≤–µ–¥–µ–Ω–∏–µ AB ‚ãÖ AC.",624
"–î–∞–Ω –Ω–∞–±–æ—Ä, —Å–æ—Å—Ç–æ—è—â–∏–π –∏–∑ $36$ –Ω–µ—Ä–∞–∑–ª–∏—á–∏–º—ã—Ö –±–µ–ª—ã—Ö —Ñ–∏—à–µ–∫ –∏ $36$ –Ω–µ—Ä–∞–∑–ª–∏—á–∏–º—ã—Ö —á–µ—Ä–Ω—ã—Ö —Ñ–∏—à–µ–∫. –û–ø—Ä–µ–¥–µ–ª–∏—Ç–µ –∫–æ–ª–∏—á–µ—Å—Ç–≤–æ —Å–ø–æ—Å–æ–±–æ–≤ —Ä–∞—Å–ø–æ–ª–æ–∂–∏—Ç—å –Ω–µ–∫–æ—Ç–æ—Ä—ã–µ –∏–∑ —ç—Ç–∏—Ö —Ñ–∏—à–µ–∫ –≤ $36$ —è—á–µ–π–∫–∞—Ö –µ–¥–∏–Ω–∏—á–Ω–æ–π —Å–µ—Ç–∫–∏ —Ä–∞–∑–º–µ—Ä–æ–º $6\times6$ —Ç–∞–∫, —á—Ç–æ–±—ã:

–≤ –∫–∞–∂–¥–æ–π —è—á–µ–π–∫–µ –Ω–∞—Ö–æ–¥–∏–ª–∞—Å—å –Ω–µ –±–æ–ª–µ–µ –æ–¥–Ω–æ–π —Ñ–∏—à–∫–∏;
–≤ –∫–∞–∂–¥–æ–π —Å—Ç—Ä–æ–∫–µ –∏ –≤ –∫–∞–∂–¥–æ–º —Å—Ç–æ–ª–±—Ü–µ –≤—Å–µ —Ñ–∏—à–∫–∏ –±—ã–ª–∏ –æ–¥–Ω–æ–≥–æ —Ü–≤–µ—Ç–∞;
–µ—Å–ª–∏ –ø–æ–º–µ—Å—Ç–∏—Ç—å –ª—é–±—É—é –¥–æ–ø–æ–ª–Ω–∏—Ç–µ–ª—å–Ω—É—é —Ñ–∏—à–∫—É –Ω–∞ —Å–µ—Ç–∫—É, —Ç–æ –æ–¥–Ω–æ –∏–ª–∏ –æ–±–∞ –∏–∑ –≤—ã—à–µ–ø–µ—Ä–µ—á–∏—Å–ª–µ–Ω–Ω—ã—Ö —É—Å–ª–æ–≤–∏–π –±—É–¥—É—Ç –Ω–∞—Ä—É—à–µ–Ω—ã.",3846
"–ü—É—Å—Ç—å $b \geq 2$ ‚Äî —Ü–µ–ª–æ–µ —á–∏—Å–ª–æ. –ù–∞–∑–æ–≤–µ–º –ø–æ–ª–æ–∂–∏—Ç–µ–ª—å–Ω–æ–µ —Ü–µ–ª–æ–µ —á–∏—Å–ª–æ $n$ $b$-–∫—Ä–∞—Å–∏–≤—ã–º, –µ—Å–ª–∏ –æ–Ω–æ –∏–º–µ–µ—Ç —Ä–æ–≤–Ω–æ –¥–≤–µ —Ü–∏—Ñ—Ä—ã –≤ —Å–∏—Å—Ç–µ–º–µ —Å—á–∏—Å–ª–µ–Ω–∏—è —Å –æ—Å–Ω–æ–≤–∞–Ω–∏–µ–º $b$, –∞ —Å—É–º–º–∞ —ç—Ç–∏—Ö –¥–≤—É—Ö —Ü–∏—Ñ—Ä —Ä–∞–≤–Ω–∞ $\sqrt{n}$. –ù–∞–ø—Ä–∏–º–µ—Ä, —á–∏—Å–ª–æ $81$ —è–≤–ª—è–µ—Ç—Å—è $13$-–∫—Ä–∞—Å–∏–≤—ã–º, —Ç–∞–∫ –∫–∞–∫ $81=\underline{6}\underline{3}_{13}$ –∏ $6 + 3=\sqrt{81}$. –û–ø—Ä–µ–¥–µ–ª–∏—Ç–µ –Ω–∞–∏–º–µ–Ω—å—à–µ–µ —Ü–µ–ª–æ–µ —á–∏—Å–ª–æ $b \geq 2$, –¥–ª—è –∫–æ—Ç–æ—Ä–æ–≥–æ —Å—É—â–µ—Å—Ç–≤—É–µ—Ç –±–æ–ª–µ–µ –¥–≤–µ–Ω–∞–¥—Ü–∞—Ç–∏ $b$-–∫—Ä–∞—Å–∏–≤—ã—Ö —Ü–µ–ª—ã—Ö —á–∏—Å–µ–ª. ",211
"–ü—É—Å—Ç—å ABCDEF ‚Äî –≤—ã–ø—É–∫–ª—ã–π —Ä–∞–≤–Ω–æ—Å—Ç–æ—Ä–æ–Ω–Ω–∏–π —à–µ—Å—Ç–∏—É–≥–æ–ª—å–Ω–∏–∫, –≤ –∫–æ—Ç–æ—Ä–æ–º –∫–∞–∂–¥–∞—è –ø–∞—Ä–∞ –ø—Ä–æ—Ç–∏–≤–æ–ø–æ–ª–æ–∂–Ω—ã—Ö —Å—Ç–æ—Ä–æ–Ω –ø–∞—Ä–∞–ª–ª–µ–ª—å–Ω–∞. –¢—Ä–µ—É–≥–æ–ª—å–Ω–∏–∫, –æ–±—Ä–∞–∑–æ–≤–∞–Ω–Ω—ã–π –ø—Ä–æ–¥–æ–ª–∂–µ–Ω–∏–µ–º –æ—Ç—Ä–µ–∑–∫–æ–≤ AB, CD –∏ EF, –∏–º–µ–µ—Ç –¥–ª–∏–Ω—ã —Å—Ç–æ—Ä–æ–Ω 170, 255 –∏ 204. –ù–∞–π–¥–∏—Ç–µ –¥–ª–∏–Ω—É —Å—Ç–æ—Ä–æ–Ω—ã —à–µ—Å—Ç–∏—É–≥–æ–ª—å–Ω–∏–∫–∞.",68
"–ü—É—Å—Ç—å –Ω–∞ –≥–∏–ø–µ—Ä–±–æ–ª–µ $\frac{x^2}{20}- \frac{y^2}{24} = 2$ –∑–∞–¥–∞–Ω—ã —Ç–æ—á–∫–∏ $A$, $B$, $C$ –∏ $D$, –ø—Ä–∏—á–µ–º $ABCD$ –ø—Ä–µ–¥—Å—Ç–∞–≤–ª—è–µ—Ç —Å–æ–±–æ–π —Ä–æ–º–±, —É –∫–æ—Ç–æ—Ä–æ–≥–æ –¥–∏–∞–≥–æ–Ω–∞–ª–∏ –ø–µ—Ä–µ—Å–µ–∫–∞—é—Ç—Å—è –≤ –Ω–∞—á–∞–ª–µ –∫–æ–æ—Ä–¥–∏–Ω–∞—Ç. –û–ø—Ä–µ–¥–µ–ª–∏—Ç–µ –Ω–∞–∏–±–æ–ª—å—à–µ–µ –¥–µ–π—Å—Ç–≤–∏—Ç–µ–ª—å–Ω–æ–µ —á–∏—Å–ª–æ, –∫–æ—Ç–æ—Ä–æ–µ –º–µ–Ω—å—à–µ $BD^2$ –¥–ª—è –ª—é–±—ã—Ö —Ç–∞–∫–∏—Ö —Ä–æ–º–±–æ–≤.",960
"–°–ø–∏—Å–æ–∫ –ø–æ–ª–æ–∂–∏—Ç–µ–ª—å–Ω—ã—Ö —Ü–µ–ª—ã—Ö —á–∏—Å–µ–ª –∏–º–µ–µ—Ç —Å–ª–µ–¥—É—é—â–∏–µ —Ö–∞—Ä–∞–∫—Ç–µ—Ä–∏—Å—Ç–∏–∫–∏:

\bullet –°—É–º–º–∞ —ç–ª–µ–º–µ–Ω—Ç–æ–≤ —ç—Ç–æ–≥–æ —Å–ø–∏—Å–∫–∞ —Ä–∞–≤–Ω–∞ 28.

\bullet –ï–¥–∏–Ω—Å—Ç–≤–µ–Ω–Ω–æ–π –º–æ–¥–æ–π –¥–∞–Ω–Ω–æ–≥–æ —Å–ø–∏—Å–∫–∞ —è–≤–ª—è–µ—Ç—Å—è —á–∏—Å–ª–æ 9.

\bullet –ú–µ–¥–∏–∞–Ω–∞ —Å–ø–∏—Å–∫–∞ –ø—Ä–µ–¥—Å—Ç–∞–≤–ª—è–µ—Ç —Å–æ–±–æ–π –ø–æ–ª–æ–∂–∏—Ç–µ–ª—å–Ω–æ–µ —Ü–µ–ª–æ–µ —á–∏—Å–ª–æ, –∫–æ—Ç–æ—Ä–æ–µ –Ω–µ –≤—Ö–æ–¥–∏—Ç –≤ —Å–∞–º —Å–ø–∏—Å–æ–∫.

–ù–∞–π—Ç–∏ —Å—É–º–º—É –∫–≤–∞–¥—Ä–∞—Ç–æ–≤ –≤—Å–µ—Ö —ç–ª–µ–º–µ–Ω—Ç–æ–≤ –≤ —Å–ø–∏—Å–∫–µ.",220
"–°—Ä–µ–¥–∏ 800 –∂–∏—Ç–µ–ª–µ–π –≠–π–º–≤–∏–ª–ª—è, 195 —á–µ–ª–æ–≤–µ–∫ –∏–º–µ—é—Ç –±—Ä–∏–ª–ª–∏–∞–Ω—Ç–æ–≤–æ–µ –∫–æ–ª—å—Ü–æ, 367 —á–µ–ª–æ–≤–µ–∫ –∏–º–µ—é—Ç –Ω–∞–±–æ—Ä –≥–æ–ª—å—Ñ-–∫–ª—É–±–æ–≤ –∏ 562 —á–µ–ª–æ–≤–µ–∫ –∏–º–µ—é—Ç —Å–∞–¥–æ–≤—É—é –ª–æ–ø–∞—Ç—É. –¢–∞–∫–∂–µ –∫–∞–∂–¥—ã–π –∏–∑ 800 –∂–∏—Ç–µ–ª–µ–π –∏–º–µ–µ—Ç –º–µ—à–æ–∫ –∫–æ–Ω—Ñ–µ—Ç –≤ —Ñ–æ—Ä–º–µ —Å–µ—Ä–¥–µ—á–µ–∫. 437 –∂–∏—Ç–µ–ª–µ–π –≤–ª–∞–¥–µ—é—Ç —Ä–æ–≤–Ω–æ –¥–≤—É–º—è –∏–∑ —ç—Ç–∏—Ö –ø—Ä–µ–¥–º–µ—Ç–æ–≤, –∏ 234 –∂–∏—Ç–µ–ª–µ–π –≤–ª–∞–¥–µ—é—Ç —Ä–æ–≤–Ω–æ —Ç—Ä–µ–º—è –∏–∑ —ç—Ç–∏—Ö –ø—Ä–µ–¥–º–µ—Ç–æ–≤. –û–ø—Ä–µ–¥–µ–ª–∏—Ç–µ –∫–æ–ª–∏—á–µ—Å—Ç–≤–æ –∂–∏—Ç–µ–ª–µ–π –≠–π–º–≤–∏–ª–ª—è, –∫–æ—Ç–æ—Ä—ã–µ –≤–ª–∞–¥–µ—é—Ç –≤—Å–µ–º–∏ —á–µ—Ç—ã—Ä—å–º—è –∏–∑ —ç—Ç–∏—Ö –ø—Ä–µ–¥–º–µ—Ç–æ–≤. ",73
"–ü—É—Å—Ç—å –¥–∞–Ω —Ç—Ä–µ—É–≥–æ–ª—å–Ω–∏–∫ $ABC$, –≤–ø–∏—Å–∞–Ω–Ω—ã–π –≤ –æ–∫—Ä—É–∂–Ω–æ—Å—Ç—å $\omega$. –ü—É—Å—Ç—å –∫–∞—Å–∞—Ç–µ–ª—å–Ω—ã–µ –∫ –æ–∫—Ä—É–∂–Ω–æ—Å—Ç–∏ $\omega$, –ø—Ä–æ–≤–µ–¥—ë–Ω–Ω—ã–µ –≤ —Ç–æ—á–∫–∞—Ö $B$ –∏ $C$, –ø–µ—Ä–µ—Å–µ–∫–∞—é—Ç—Å—è –≤ —Ç–æ—á–∫–µ $D$, –∞ –æ—Ç—Ä–µ–∑–æ–∫ $\overline{AD}$ –ø–µ—Ä–µ—Å–µ–∫–∞–µ—Ç –æ–∫—Ä—É–∂–Ω–æ—Å—Ç—å $\omega$ –≤ —Ç–æ—á–∫–µ $P$. –ï—Å–ª–∏ –¥–ª–∏–Ω–∞ —Å—Ç–æ—Ä–æ–Ω—ã $AB$ —Ä–∞–≤–Ω–∞ $6$, –¥–ª–∏–Ω–∞ —Å—Ç–æ—Ä–æ–Ω—ã $BC$ —Ä–∞–≤–Ω–∞ $8$, –∞ –¥–ª–∏–Ω–∞ —Å—Ç–æ—Ä–æ–Ω—ã $AC$ —Ä–∞–≤–Ω–∞ $7$, —Ç–æ –∑–Ω–∞—á–µ–Ω–∏–µ $DP^2$ –º–æ–∂–Ω–æ –ø—Ä–µ–¥—Å—Ç–∞–≤–∏—Ç—å –≤ –≤–∏–¥–µ –¥—Ä–æ–±–∏ $\frac{m}{n}$, –≥–¥–µ $m$ –∏ $n$ ‚Äî –≤–∑–∞–∏–º–Ω–æ –ø—Ä–æ—Å—Ç—ã–µ —Ü–µ–ª—ã–µ —á–∏—Å–ª–∞. –ù–∞–π–¥–∏—Ç–µ —Å—É–º–º—É $m + n$. ",32861
"–¢–æ—Ä $T$ - —ç—Ç–æ –ø–æ–≤–µ—Ä—Ö–Ω–æ—Å—Ç—å, –æ–±—Ä–∞–∑–æ–≤–∞–Ω–Ω–∞—è –≤—Ä–∞—â–µ–Ω–∏–µ–º –æ–∫—Ä—É–∂–Ω–æ—Å—Ç–∏ —Ä–∞–¥–∏—É—Å–∞ $2$ –≤–æ–∫—Ä—É–≥ –æ—Å–∏, –ª–µ–∂–∞—â–µ–π –≤ –ø–ª–æ—Å–∫–æ—Å—Ç–∏ —ç—Ç–æ–π –æ–∫—Ä—É–∂–Ω–æ—Å—Ç–∏ –∏ –Ω–∞—Ö–æ–¥—è—â–µ–π—Å—è –Ω–∞ —Ä–∞—Å—Å—Ç–æ—è–Ω–∏–∏ $6$ –æ—Ç –µ–µ —Ü–µ–Ω—Ç—Ä–∞ (–ø–æ –≤–∏–¥—É –ø–æ—Ö–æ–∂ –Ω–∞ –±—É–±–ª–∏–∫). –ü—É—Å—Ç—å $S$ - —Å—Ñ–µ—Ä–∞ —Ä–∞–¥–∏—É—Å–∞ $11$. –ö–æ–≥–¥–∞ —Ç–æ—Ä $T$ –∫–∞—Å–∞–µ—Ç—Å—è –≤–Ω—É—Ç—Ä–µ–Ω–Ω–µ–π —Å—Ç–æ—Ä–æ–Ω—ã —Å—Ñ–µ—Ä—ã $S$, —Ç–æ –æ–Ω –≤–Ω—É—Ç—Ä–µ–Ω–Ω–µ –∫–∞—Å–∞–µ—Ç—Å—è $S$ –ø–æ –æ–∫—Ä—É–∂–Ω–æ—Å—Ç–∏ —Ä–∞–¥–∏—É—Å–∞ $r_i$, –∞ –∫–æ–≥–¥–∞ —Ç–æ—Ä $T$ –∫–∞—Å–∞–µ—Ç—Å—è –≤–Ω–µ—à–Ω–µ–π —Å—Ç–æ—Ä–æ–Ω—ã —Å—Ñ–µ—Ä—ã $S$, —Ç–æ –æ–Ω –≤–Ω–µ—à–Ω–µ –∫–∞—Å–∞–µ—Ç—Å—è $S$ –ø–æ –æ–∫—Ä—É–∂–Ω–æ—Å—Ç–∏ —Ä–∞–¥–∏—É—Å–∞ $r_o$. –†–∞–∑–Ω–æ—Å—Ç—å $r_i - r_o$ –º–æ–∂–µ—Ç –±—ã—Ç—å –ø—Ä–µ–¥—Å—Ç–∞–≤–ª–µ–Ω–∞ –≤ –≤–∏–¥–µ $\frac{m}{n}$, –≥–¥–µ $m$ –∏ $n$ - –≤–∑–∞–∏–º–Ω–æ –ø—Ä–æ—Å—Ç—ã–µ –ø–æ–ª–æ–∂–∏—Ç–µ–ª—å–Ω—ã–µ —Ü–µ–ª—ã–µ —á–∏—Å–ª–∞. –ù–∞–π—Ç–∏ $m + n$. ",127
"–ü—É—Å—Ç—å –¥–∞–Ω —Ç–µ—Ç—Ä–∞—ç–¥—Ä $ABCD$, –≤ –∫–æ—Ç–æ—Ä–æ–º $AB = CD=\sqrt{61}$, $AC = BD=\sqrt{80}$ –∏ $BC = AD=\sqrt{89}$. –í–Ω—É—Ç—Ä–∏ —ç—Ç–æ–≥–æ —Ç–µ—Ç—Ä–∞—ç–¥—Ä–∞ —Å—É—â–µ—Å—Ç–≤—É–µ—Ç —Ç–æ—á–∫–∞ $I$, —Ç–∞–∫–∞—è, —á—Ç–æ —Ä–∞—Å—Å—Ç–æ—è–Ω–∏—è –æ—Ç $I$ –¥–æ –∫–∞–∂–¥–æ–π –∏–∑ –≥—Ä–∞–Ω–µ–π —Ç–µ—Ç—Ä–∞—ç–¥—Ä–∞ –æ–¥–∏–Ω–∞–∫–æ–≤—ã. –≠—Ç–æ —Ä–∞—Å—Å—Ç–æ—è–Ω–∏–µ –º–æ–∂–Ω–æ –∑–∞–ø–∏—Å–∞—Ç—å –≤ –≤–∏–¥–µ $\frac{m\sqrt{n}}{p}$, –≥–¥–µ $m$, $n$ –∏ $p$ - –ø–æ–ª–æ–∂–∏—Ç–µ–ª—å–Ω—ã–µ —Ü–µ–ª—ã–µ —á–∏—Å–ª–∞, $m$ –∏ $p$ –≤–∑–∞–∏–º–Ω–æ –ø—Ä–æ—Å—Ç—ã, –∞ $n$ –Ω–µ —è–≤–ª—è–µ—Ç—Å—è –∫—Ä–∞—Ç–Ω—ã–º –∫–≤–∞–¥—Ä–∞—Ç—É –∫–∞–∫–æ–≥–æ - –ª–∏–±–æ –ø—Ä–æ—Å—Ç–æ–≥–æ —á–∏—Å–ª–∞. –ù–∞–π–¥–∏—Ç–µ —Å—É–º–º—É $m + n + p$. ",257
"–ü—Ä—è–º–æ—É–≥–æ–ª—å–Ω–∏–∫–∏ $ABCD$ –∏ $EFGH$ –Ω–∞—Ä–∏—Å–æ–≤–∞–Ω—ã —Ç–∞–∫, —á—Ç–æ —Ç–æ—á–∫–∏ $D,E,C,F$ –Ω–∞—Ö–æ–¥—è—Ç—Å—è –Ω–∞ –æ–¥–Ω–æ–π –ø—Ä—è–º–æ–π. –¢–∞–∫–∂–µ —Ç–æ—á–∫–∏ $A,D,H,G$ –ª–µ–∂–∞—Ç –Ω–∞ –æ–∫—Ä—É–∂–Ω–æ—Å—Ç–∏. –ï—Å–ª–∏ $BC = 16$, $AB = 110$, $FG = 17$, –∏ $EF = 184$, —Ç–æ –∫–∞–∫–æ–≤–∞ –¥–ª–∏–Ω–∞ $CE$?",107
"–ü—É—Å—Ç—å $\omega \neq 1$ —è–≤–ª—è–µ—Ç—Å—è –∫–æ—Ä–Ω–µ–º 13-–π —Å—Ç–µ–ø–µ–Ω–∏ –∏–∑ –µ–¥–∏–Ω–∏—Ü—ã. –û–ø—Ä–µ–¥–µ–ª–∏—Ç–µ –æ—Å—Ç–∞—Ç–æ–∫ –æ—Ç –¥–µ–ª–µ–Ω–∏—è
$$ \prod_{k=0}^{12}(2 - 2\omega^k + \omega^{2k}) $$ –Ω–∞ 8000.",321
