"–ü—É—Å—Ç—å $x, y$ –∏ $z$ ‚Äî –ø–æ–ª–æ–∂–∏—Ç–µ–ª—å–Ω—ã–µ –¥–µ–π—Å—Ç–≤–∏—Ç–µ–ª—å–Ω—ã–µ —á–∏—Å–ª–∞, —É–¥–æ–≤–ª–µ—Ç–≤–æ—Ä—è—é—â–∏–µ —Å–ª–µ–¥—É—é—â–µ–π —Å–∏—Å—Ç–µ–º–µ —É—Ä–∞–≤–Ω–µ–Ω–∏–π:  
$$\log_2\left({x \over yz}\right) = {1 \over 2}$$  
$$\log_2\left({y \over xz}\right) = {1 \over 3}$$  
$$\log_2\left({z \over xy}\right) = {1 \over 8}$$  
–¢–æ–≥–¥–∞ –∑–Ω–∞—á–µ–Ω–∏–µ $\left|\log_2(x^4y^3z^2)\right|$ —Ä–∞–≤–Ω–æ $\tfrac{m}{n}$, –≥–¥–µ $m$ –∏ $n$ ‚Äî –≤–∑–∞–∏–º–Ω–æ –ø—Ä–æ—Å—Ç—ã–µ –ø–æ–ª–æ–∂–∏—Ç–µ–ª—å–Ω—ã–µ —Ü–µ–ª—ã–µ —á–∏—Å–ª–∞. –ù–∞–π–¥–∏—Ç–µ $m+n$.",35,67,42,59,D
"–ü—É—Å—Ç—å $O(0,0), A(\tfrac{\sqrt{2}}{2}, 0)$ –∏ $B(0, \tfrac{\sqrt{2}}{2})$ ‚Äî —Ç–æ—á–∫–∏ –Ω–∞ –∫–æ–æ—Ä–¥–∏–Ω–∞—Ç–Ω–æ–π –ø–ª–æ—Å–∫–æ—Å—Ç–∏. –ü—É—Å—Ç—å $\mathcal{F}$ ‚Äî —Å–µ–º–µ–π—Å—Ç–≤–æ –æ—Ç—Ä–µ–∑–∫–æ–≤ $\overline{PQ}$ –µ–¥–∏–Ω–∏—á–Ω–æ–π –¥–ª–∏–Ω—ã, –ª–µ–∂–∞—â–∏—Ö –≤ –ø–µ—Ä–≤–æ–π —á–µ—Ç–≤–µ—Ä—Ç–∏, –≥–¥–µ $P$ –ª–µ–∂–∏—Ç –Ω–∞ –æ—Å–∏ $x$, –∞ $Q$ –ª–µ–∂–∏—Ç –Ω–∞ –æ—Å–∏ $y$. –°—É—â–µ—Å—Ç–≤—É–µ—Ç –µ–¥–∏–Ω—Å—Ç–≤–µ–Ω–Ω–∞—è —Ç–æ—á–∫–∞ $C$ –Ω–∞ –æ—Ç—Ä–µ–∑–∫–µ $\overline{AB}$, –æ—Ç–ª–∏—á–Ω–∞—è –æ—Ç $A$ –∏ $B$, –∫–æ—Ç–æ—Ä–∞—è –Ω–µ –ø—Ä–∏–Ω–∞–¥–ª–µ–∂–∏—Ç –Ω–∏–∫–∞–∫–æ–º—É –æ—Ç—Ä–µ–∑–∫—É –∏–∑ $\mathcal{F}$, –∫—Ä–æ–º–µ $\overline{AB}$. –¢–æ–≥–¥–∞ $OC^2 = \tfrac{p}{q}$, –≥–¥–µ $p$ –∏ $q$ ‚Äî –≤–∑–∞–∏–º–Ω–æ –ø—Ä–æ—Å—Ç—ã–µ –ø–æ–ª–æ–∂–∏—Ç–µ–ª—å–Ω—ã–µ —Ü–µ–ª—ã–µ —á–∏—Å–ª–∞. –ù–∞–π–¥–∏—Ç–µ $p + q$.",5,9,7,3,A
"–î–∂–µ–Ω —É—á–∞—Å—Ç–≤—É–µ—Ç –≤ –ª–æ—Ç–µ—Ä–µ–µ, –≤—ã–±–∏—Ä–∞—è 4 —Ä–∞–∑–ª–∏—á–Ω—ã–µ —á–∏—Å–ª–∞ –∏–∑ –º–Ω–æ–∂–µ—Å—Ç–≤–∞ S={1,2,3,...,9,10}. 4 —á–∏—Å–ª–∞ –≤—ã–±–∏—Ä–∞—é—Ç—Å—è —Å–ª—É—á–∞–π–Ω—ã–º –æ–±—Ä–∞–∑–æ–º –∏–∑ –º–Ω–æ–∂–µ—Å—Ç–≤–∞ S. –û–Ω–∞ –≤—ã–∏–≥—Ä—ã–≤–∞–µ—Ç –ø—Ä–∏–∑, –µ—Å–ª–∏ –∫–∞–∫ –º–∏–Ω–∏–º—É–º –¥–≤–∞ –µ–µ —á–∏—Å–ª–∞ —Å–æ–≤–ø–∞–¥–∞—é—Ç —Å –¥–≤—É–º—è –∏–∑ —Å–ª—É—á–∞–π–Ω–æ –≤—ã–±—Ä–∞–Ω–Ω—ã—Ö —á–∏—Å–µ–ª, –∏ –≤—ã–∏–≥—Ä—ã–≤–∞–µ—Ç –≥–ª–∞–≤–Ω—ã–π –ø—Ä–∏–∑, –µ—Å–ª–∏ –≤—Å–µ —á–µ—Ç—ã—Ä–µ –µ–µ —á–∏—Å–ª–∞ —Å–æ–≤–ø–∞–¥–∞—é—Ç —Å–æ —Å–ª—É—á–∞–π–Ω–æ –≤—ã–±—Ä–∞–Ω–Ω—ã–º–∏ —á–∏—Å–ª–∞–º–∏. –ù–∞–π–¥–∏—Ç–µ –≤–µ—Ä–æ—è—Ç–Ω–æ—Å—Ç—å —Ç–æ–≥–æ, —á—Ç–æ –î–∂–µ–Ω –≤—ã–∏–≥—Ä–∞–µ—Ç –≥–ª–∞–≤–Ω—ã–π –ø—Ä–∏–∑ –ø—Ä–∏ —É—Å–ª–æ–≤–∏–∏, —á—Ç–æ –æ–Ω–∞ –≤—ã–∏–≥—Ä–∞–ª–∞ –ø—Ä–∏–∑; –æ—Ç–≤–µ—Ç –ø—Ä–µ–¥—Å—Ç–∞–≤—å—Ç–µ –≤ –≤–∏–¥–µ –¥—Ä–æ–±–∏ m/n, –≥–¥–µ m –∏ n - –≤–∑–∞–∏–º–Ω–æ –ø—Ä–æ—Å—Ç—ã–µ –ø–æ–ª–æ–∂–∏—Ç–µ–ª—å–Ω—ã–µ —Ü–µ–ª—ã–µ —á–∏—Å–ª–∞. –ù–∞–π–¥–∏—Ç–µ m+n.",150,211,200,100,B
"–ê–ª–∏—Å–∞ –∏ –ë–æ–± –∏–≥—Ä–∞—é—Ç –≤ —Å–ª–µ–¥—É—é—â—É—é –∏–≥—Ä—É. –ü–µ—Ä–µ–¥ –Ω–∏–º–∏ –ª–µ–∂–∏—Ç —Å—Ç–æ–ø–∫–∞ –∏–∑ n —Ñ–∏—à–µ–∫. –ò–≥—Ä–æ–∫–∏ –ø–æ –æ—á–µ—Ä–µ–¥–∏ –±–µ—Ä—É—Ç —Ñ–∏—à–∫–∏, –ø—Ä–∏ —ç—Ç–æ–º –ê–ª–∏—Å–∞ –Ω–∞—á–∏–Ω–∞–µ—Ç –ø–µ—Ä–≤–æ–π. –ù–∞ –∫–∞–∂–¥–æ–º —Ö–æ–¥—É –∏–≥—Ä–æ–∫ —É–±–∏—Ä–∞–µ—Ç –ª–∏–±–æ 1, –ª–∏–±–æ 4 —Ñ–∏—à–∫–∏ –∏–∑ —Å—Ç–æ–ø–∫–∏. –¢–æ—Ç, –∫—Ç–æ —É–±–µ—Ä–µ—Ç –ø–æ—Å–ª–µ–¥–Ω—é—é —Ñ–∏—à–∫—É, –≤—ã–∏–≥—Ä—ã–≤–∞–µ—Ç. –ù–∞–π–¥–∏—Ç–µ –∫–æ–ª–∏—á–µ—Å—Ç–≤–æ –ø–æ–ª–æ–∂–∏—Ç–µ–ª—å–Ω—ã—Ö —Ü–µ–ª—ã—Ö —á–∏—Å–µ–ª n, –º–µ–Ω—å—à–∏—Ö –∏–ª–∏ —Ä–∞–≤–Ω—ã—Ö 1037, –¥–ª—è –∫–æ—Ç–æ—Ä—ã—Ö —Å—É—â–µ—Å—Ç–≤—É–µ—Ç —Ç–∞–∫–∞—è —Å—Ç—Ä–∞—Ç–µ–≥–∏—è –¥–ª—è –ë–æ–±–∞, –∫–æ—Ç–æ—Ä–∞—è –≥–∞—Ä–∞–Ω—Ç–∏—Ä—É–µ—Ç –µ–º—É –ø–æ–±–µ–¥—É –≤–Ω–µ –∑–∞–≤–∏—Å–∏–º–æ—Å—Ç–∏ –æ—Ç –¥–µ–π—Å—Ç–≤–∏–π –ê–ª–∏—Å—ã.",425,400,415,430,C
"–î–µ–≤—è—Ç—å –æ–∫—Ä—É–∂–Ω–æ—Å—Ç–µ–π —Ä–∞–¥–∏—É—Å–∞ $34$ –∫–∞—Å–∞—é—Ç—Å—è –¥—Ä—É–≥ –¥—Ä—É–≥–∞ –ø–æ—Å–ª–µ–¥–æ–≤–∞—Ç–µ–ª—å–Ω–æ, –∏ –¥–≤–µ –æ–∫—Ä—É–∂–Ω–æ—Å—Ç–∏ –∫–∞—Å–∞—é—Ç—Å—è —Å—Ç–æ—Ä–æ–Ω $AB$ –∏ $BC$ —Ç—Ä–µ—É–≥–æ–ª—å–Ω–∏–∫–∞ $ABC$ —Å–æ–æ—Ç–≤–µ—Ç—Å—Ç–≤–µ–Ω–Ω–æ. $2024$ –æ–∫—Ä—É–∂–Ω–æ—Å—Ç–∏ —Ä–∞–¥–∏—É—Å–∞ $1$ –º–æ–∂–Ω–æ —Ä–∞—Å–ø–æ–ª–æ–∂–∏—Ç—å —Ç–∞–∫–∏–º –∂–µ –æ–±—Ä–∞–∑–æ–º. –†–∞–¥–∏—É—Å –≤–ø–∏—Å–∞–Ω–Ω–æ–π –æ–∫—Ä—É–∂–Ω–æ—Å—Ç–∏ —Ç—Ä–µ—É–≥–æ–ª—å–Ω–∏–∫–∞ $ABC$ –º–æ–∂–µ—Ç –±—ã—Ç—å –ø—Ä–µ–¥—Å—Ç–∞–≤–ª–µ–Ω –∫–∞–∫ $\frac{m}{n}$, –≥–¥–µ $m$ –∏ $n$ ‚Äî –≤–∑–∞–∏–º–Ω–æ –ø—Ä–æ—Å—Ç—ã–µ –ø–æ–ª–æ–∂–∏—Ç–µ–ª—å–Ω—ã–µ —Ü–µ–ª—ã–µ —á–∏—Å–ª–∞. –ù–∞–π–¥–∏—Ç–µ $m+n$.",4300,4000,4200,4133,D
–ü—É—Å—Ç—å $f(x)=|| x|-\tfrac{1}{2}|$ –∏ $g(x)=|| x|-\tfrac{1}{4}|$. –ù–∞–π–¥–∏—Ç–µ –∫–æ–ª–∏—á–µ—Å—Ç–≤–æ —Ç–æ—á–µ–∫ –ø–µ—Ä–µ—Å–µ—á–µ–Ω–∏—è –≥—Ä–∞—Ñ–∏–∫–æ–≤ —Ñ—É–Ω–∫—Ü–∏–π $$y=4 g(f(\sin (2 \pi x))) \quad\text{ –∏ }\quad x=4 g(f(\cos (2 \pi y))).$$,320,128,256,192,C
"–ö–∞–∂–¥–∞—è –≤–µ—Ä—à–∏–Ω–∞ –ø—Ä–∞–≤–∏–ª—å–Ω–æ–≥–æ —à–µ—Å—Ç–∏—É–≥–æ–ª—å–Ω–∏–∫–∞ –Ω–µ–∑–∞–≤–∏—Å–∏–º–æ –æ–∫—Ä–∞—à–µ–Ω–∞ –ª–∏–±–æ –≤ –∫—Ä–∞—Å–Ω—ã–π, –ª–∏–±–æ –≤ —Å–∏–Ω–∏–π —Ü–≤–µ—Ç —Å –æ–¥–∏–Ω–∞–∫–æ–≤–æ–π –≤–µ—Ä–æ—è—Ç–Ω–æ—Å—Ç—å—é. –ù–∞–π–¥–∏—Ç–µ –≤–µ—Ä–æ—è—Ç–Ω–æ—Å—Ç—å —Ç–æ–≥–æ, —á—Ç–æ –∑–∞—Ç–µ–º —à–µ—Å—Ç–∏—É–≥–æ–ª—å–Ω–∏–∫ –º–æ–∂–Ω–æ –ø–æ–≤–µ—Ä–Ω—É—Ç—å —Ç–∞–∫, —á—Ç–æ–±—ã –≤—Å–µ —Å–∏–Ω–∏–µ –≤–µ—Ä—à–∏–Ω—ã –æ–∫–∞–∑–∞–ª–∏—Å—å –Ω–∞ –ø–æ–∑–∏—Ü–∏—è—Ö, –≥–¥–µ –∏–∑–Ω–∞—á–∞–ª—å–Ω–æ –±—ã–ª–∏ –∫—Ä–∞—Å–Ω—ã–µ –≤–µ—Ä—à–∏–Ω—ã. –î–∞–Ω–Ω–∞—è –≤–µ—Ä–æ—è—Ç–Ω–æ—Å—Ç—å —Ä–∞–≤–Ω–∞ $\tfrac{m}{n}$, –≥–¥–µ $m$ –∏ $n$ ‚Äî –≤–∑–∞–∏–º–Ω–æ –ø—Ä–æ—Å—Ç—ã–µ –ø–æ–ª–æ–∂–∏—Ç–µ–ª—å–Ω—ã–µ —Ü–µ–ª—ã–µ —á–∏—Å–ª–∞. –ß–µ–º—É —Ä–∞–≤–Ω–æ $m+n$?",33,25,51,47,D
"–ù–∞–π–¥–∏—Ç–µ —á–∏—Å–ª–æ —Ç—Ä–æ–µ–∫ –Ω–µ–æ—Ç—Ä–∏—Ü–∞—Ç–µ–ª—å–Ω—ã—Ö —Ü–µ–ª—ã—Ö —á–∏—Å–µ–ª $(a,b,c)$, —É–¥–æ–≤–ª–µ—Ç–≤–æ—Ä—è—é—â–∏—Ö —É—Å–ª–æ–≤–∏—è–º $a + b + c = 400$ –∏ $$a^2b + a^2c + b^2a + b^2c + c^2a + c^2b = 6,000,000.$$",1,0,2,3,B
"–°—É—â–µ—Å—Ç–≤—É—é—Ç –¥–µ–π—Å—Ç–≤–∏—Ç–µ–ª—å–Ω—ã–µ —á–∏—Å–ª–∞ $x$ –∏ $y$, –æ–±–∞ –±–æ–ª—å—à–µ 1, —Ç–∞–∫–∏–µ —á—Ç–æ $\log_x\left(y^x\right)=\log_y\left(x^{4y}\right)=40$. –ù–∞–π–¥–∏—Ç–µ $xy$.",800,600,200,400,D
"–ê–ª–∏—Å–∞ –≤—ã–±–∏—Ä–∞–µ—Ç –º–Ω–æ–∂–µ—Å—Ç–≤–æ $A$ –ø–æ–ª–æ–∂–∏—Ç–µ–ª—å–Ω—ã—Ö —Ü–µ–ª—ã—Ö —á–∏—Å–µ–ª. –ó–∞—Ç–µ–º –ë–æ–± –ø–µ—Ä–µ—á–∏—Å–ª—è–µ—Ç –≤—Å–µ –∫–æ–Ω–µ—á–Ω—ã–µ –Ω–µ–ø—É—Å—Ç—ã–µ –º–Ω–æ–∂–µ—Å—Ç–≤–∞ $B$ –ø–æ–ª–æ–∂–∏—Ç–µ–ª—å–Ω—ã—Ö —Ü–µ–ª—ã—Ö —á–∏—Å–µ–ª, –æ–±–ª–∞–¥–∞—é—â–∏–µ —Å–≤–æ–π—Å—Ç–≤–æ–º, —á—Ç–æ –º–∞–∫—Å–∏–º–∞–ª—å–Ω—ã–π —ç–ª–µ–º–µ–Ω—Ç $B$ –ø—Ä–∏–Ω–∞–¥–ª–µ–∂–∏—Ç $A$. –°–ø–∏—Å–æ–∫ –ë–æ–±–∞ —Å–æ–¥–µ—Ä–∂–∏—Ç 2077 –º–Ω–æ–∂–µ—Å—Ç–≤. –ù–∞–π–¥–∏—Ç–µ —Å—É–º–º—É —ç–ª–µ–º–µ–Ω—Ç–æ–≤ $A$.",28,25,22,20,B
"–ù–∞–π–¥–∏—Ç–µ –Ω–∞–∏–±–æ–ª—å—à—É—é –≤–æ–∑–º–æ–∂–Ω—É—é –≤–µ—â–µ—Å—Ç–≤–µ–Ω–Ω—É—é —á–∞—Å—Ç—å

$$
(100 + 117i)z + \frac{96 + 144i}{z},
$$

–≥–¥–µ $z$ ‚Äî –∫–æ–º–ø–ª–µ–∫—Å–Ω–æ–µ —á–∏—Å–ª–æ —Å –º–æ–¥—É–ª–µ–º $|z| = 4$.",540,500,480,520,A
"–ù–∞–π–¥–∏—Ç–µ –∫–æ–ª–∏—á–µ—Å—Ç–≤–æ —Å–ø–æ—Å–æ–±–æ–≤ —Ä–∞–∑–º–µ—Å—Ç–∏—Ç—å —Ü–∏—Ñ—Ä—ã –≤ –∫–∞–∂–¥–æ–π —è—á–µ–π–∫–µ —Å–µ—Ç–∫–∏ 2x4 —Ç–∞–∫, —á—Ç–æ–±—ã —Å—É–º–º–∞ –¥–≤—É—Ö —á–∏—Å–µ–ª, –æ–±—Ä–∞–∑–æ–≤–∞–Ω–Ω—ã—Ö –ø—Ä–∏ –ø—Ä–æ—á—Ç–µ–Ω–∏–∏ —Å–ª–µ–≤–∞ –Ω–∞–ø—Ä–∞–≤–æ, –±—ã–ª–∞ —Ä–∞–≤–Ω–∞ 9999, –∞ —Å—É–º–º–∞ —Ç—Ä–µ—Ö —á–∏—Å–µ–ª, –æ–±—Ä–∞–∑–æ–≤–∞–Ω–Ω—ã—Ö –ø—Ä–∏ –ø—Ä–æ—á—Ç–µ–Ω–∏–∏ —Å–≤–µ—Ä—Ö—É –≤–Ω–∏–∑, –±—ã–ª–∞ —Ä–∞–≤–Ω–∞ 99. –ü—Ä–∏–≤–µ–¥–µ–Ω–Ω–∞—è –Ω–∏–∂–µ —Å–µ—Ç–∫–∞ —è–≤–ª—è–µ—Ç—Å—è –ø—Ä–∏–º–µ—Ä–æ–º —Ç–∞–∫–æ–π –∫–æ–º–±–∏–Ω–∞—Ü–∏–∏, –ø–æ—Å–∫–æ–ª—å–∫—É 7 + 9992 = 9999 –∏ 9 + 9 + 9 + 72 = 99.

$$\begin{array}{|c|c|c|c|} \hline 0 & 0 & 0 & 7 \\ \hline 9 & 9 & 9 & 2 \\ \hline \end{array}$$",150,80,100,120,D
"–ö–∞–∂–¥–æ–µ —É—Ç—Ä–æ –ê—è —Å–æ–≤–µ—Ä—à–∞–µ—Ç —á–µ—Ç—ã—Ä–µ—Ö–∫–∏–ª–æ–º–µ—Ç—Ä–æ–≤—É—é –ø—Ä–æ–≥—É–ª–∫—É –∏ –æ—Å—Ç–∞–Ω–∞–≤–ª–∏–≤–∞–µ—Ç—Å—è —É –∫–æ—Ñ–µ–π–Ω–∏ –ø–æ –ø—É—Ç–∏. –ö–æ–≥–¥–∞ –æ–Ω–∞ –∏–¥–µ—Ç —Å –ø–æ—Å—Ç–æ—è–Ω–Ω–æ–π —Å–∫–æ—Ä–æ—Å—Ç—å—é $s$ –∫–∏–ª–æ–º–µ—Ç—Ä–æ–≤ –≤ —á–∞—Å, –ø—Ä–æ–≥—É–ª–∫–∞ –∑–∞–Ω–∏–º–∞–µ—Ç —É –Ω–µ–µ 4 —á–∞—Å–∞, –≤–∫–ª—é—á–∞—è $t$ –º–∏–Ω—É—Ç, –ø–æ—Ç—Ä–∞—á–µ–Ω–Ω—ã—Ö –≤ –∫–æ—Ñ–µ–π–Ω–µ. –ö–æ–≥–¥–∞ –æ–Ω–∞ –∏–¥–µ—Ç —Å–æ —Å–∫–æ—Ä–æ—Å—Ç—å—é $s+2$ –∫–∏–ª–æ–º–µ—Ç—Ä–∞ –≤ —á–∞—Å, –ø—Ä–æ–≥—É–ª–∫–∞ –∑–∞–Ω–∏–º–∞–µ—Ç 2 —á–∞—Å–∞ 24 –º–∏–Ω—É—Ç—ã, –≤–∫–ª—é—á–∞—è $t$ –º–∏–Ω—É—Ç, –ø–æ—Ç—Ä–∞—á–µ–Ω–Ω—ã—Ö –≤ –∫–æ—Ñ–µ–π–Ω–µ. –ü—Ä–µ–¥–ø–æ–ª–æ–∂–∏–º, —á—Ç–æ –ê—è –∏–¥–µ—Ç —Å–æ —Å–∫–æ—Ä–æ—Å—Ç—å—é $s+\frac{1}{2}$ –∫–∏–ª–æ–º–µ—Ç—Ä–∞ –≤ —á–∞—Å. –ù–∞–π–¥–∏—Ç–µ –∫–æ–ª–∏—á–µ—Å—Ç–≤–æ –º–∏–Ω—É—Ç, –∫–æ—Ç–æ—Ä–æ–µ –∑–∞–Ω–∏–º–∞–µ—Ç –ø—Ä–æ–≥—É–ª–∫–∞, –≤–∫–ª—é—á–∞—è $t$ –º–∏–Ω—É—Ç, –ø–æ—Ç—Ä–∞—á–µ–Ω–Ω—ã—Ö –≤ –∫–æ—Ñ–µ–π–Ω–µ.",180,220,198,210,C
"–ü—É—Å—Ç—å $N$ –±—É–¥–µ—Ç –Ω–∞–∏–±–æ–ª—å—à–∏–º —á–µ—Ç—ã—Ä–µ—Ö–∑–Ω–∞—á–Ω—ã–º –ø–æ–ª–æ–∂–∏—Ç–µ–ª—å–Ω—ã–º —á–∏—Å–ª–æ–º, –æ–±–ª–∞–¥–∞—é—â–∏–º —Å–≤–æ–π—Å—Ç–≤–æ–º, —á—Ç–æ –µ—Å–ª–∏ –ª—é–±—É—é –∏–∑ –µ–≥–æ —Ü–∏—Ñ—Ä –∏–∑–º–µ–Ω–∏—Ç—å –Ω–∞ $2$, —Ç–æ –ø–æ–ª—É—á–µ–Ω–Ω–æ–µ —á–∏—Å–ª–æ –±—É–¥–µ—Ç –¥–µ–ª–∏—Ç—å—Å—è –Ω–∞ $7$. –ü—É—Å—Ç—å $Q$ –∏ $R$ –±—É–¥—É—Ç —á–∞—Å—Ç–Ω—ã–º –∏ –æ—Å—Ç–∞—Ç–∫–æ–º —Å–æ–æ—Ç–≤–µ—Ç—Å—Ç–≤–µ–Ω–Ω–æ, –ø—Ä–∏ –¥–µ–ª–µ–Ω–∏–∏ $N$ –Ω–∞ $1000$. –ù–∞–π–¥–∏—Ç–µ $Q+R$.",551,500,700,600,A
"–†–∞—Å—Å–º–æ—Ç—Ä–∏–º –ø—É—Ç–∏ –¥–ª–∏–Ω—ã $16$, –∏–¥—É—â–∏–µ –ø–æ –ª–∏–Ω–∏—è–º –æ—Ç –ª–µ–≤–æ–≥–æ –Ω–∏–∂–Ω–µ–≥–æ —É–≥–ª–∞ –∫ –ø—Ä–∞–≤–æ–º—É –≤–µ—Ä—Ö–Ω–µ–º—É —É–≥–ª—É –Ω–∞ —Å–µ—Ç–∫–µ $8\times 8$. –ù–∞–π–¥–∏—Ç–µ –∫–æ–ª–∏—á–µ—Å—Ç–≤–æ —Ç–∞–∫–∏—Ö –ø—É—Ç–µ–π, –∫–æ—Ç–æ—Ä—ã–µ –º–µ–Ω—è—é—Ç –Ω–∞–ø—Ä–∞–≤–ª–µ–Ω–∏–µ —Ä–æ–≤–Ω–æ —Ç—Ä–∏ —Ä–∞–∑–∞, –∫–∞–∫ –Ω–∞ –ø—Ä–∏–≤–µ–¥–µ–Ω–Ω—ã—Ö –Ω–∏–∂–µ –ø—Ä–∏–º–µ—Ä–∞—Ö.",88,108,118,98,D
"–ü—É—Å—Ç—å $p$ –±—É–¥–µ—Ç –Ω–∞–∏–º–µ–Ω—å—à–∏–º –ø—Ä–æ—Å—Ç—ã–º —á–∏—Å–ª–æ–º, –¥–ª—è –∫–æ—Ç–æ—Ä–æ–≥–æ —Å—É—â–µ—Å—Ç–≤—É–µ—Ç –ø–æ–ª–æ–∂–∏—Ç–µ–ª—å–Ω–æ–µ —Ü–µ–ª–æ–µ —á–∏—Å–ª–æ $n$, —Ç–∞–∫–æ–µ —á—Ç–æ $n^{4}+1$ –¥–µ–ª–∏—Ç—Å—è –Ω–∞ $p^{2}$. –ù–∞–π—Ç–∏ –Ω–∞–∏–º–µ–Ω—å—à–µ–µ –ø–æ–ª–æ–∂–∏—Ç–µ–ª—å–Ω–æ–µ —Ü–µ–ª–æ–µ —á–∏—Å–ª–æ $m$, —Ç–∞–∫–æ–µ —á—Ç–æ $16m^{4}+1$ –¥–µ–ª–∏—Ç—Å—è –Ω–∞ $p^{2}$.",55,35,25,45,A
"–ü—É—Å—Ç—å ùìë –±—É–¥–µ—Ç –Ω–∞–±–æ—Ä–æ–º –ø—Ä—è–º–æ—É–≥–æ–ª—å–Ω—ã—Ö –ø–∞—Ä–∞–ª–ª–µ–ª–µ–ø–∏–ø–µ–¥–æ–≤ —Å –ø–ª–æ—â–∞–¥—å—é –ø–æ–≤–µ—Ä—Ö–Ω–æ—Å—Ç–∏ 54 –∏ –æ–±—ä–µ–º–æ–º 27. –ü—É—Å—Ç—å r –±—É–¥–µ—Ç —Ä–∞–¥–∏—É—Å–æ–º –Ω–∞–∏–º–µ–Ω—å—à–µ–π —Å—Ñ–µ—Ä—ã, –∫–æ—Ç–æ—Ä–∞—è –º–æ–∂–µ—Ç —Å–æ–¥–µ—Ä–∂–∞—Ç—å –∫–∞–∂–¥—ã–π –∏–∑ –ø—Ä—è–º–æ—É–≥–æ–ª—å–Ω—ã—Ö –ø–∞—Ä–∞–ª–ª–µ–ª–µ–ø–∏–ø–µ–¥–æ–≤, —è–≤–ª—è—é—â–∏—Ö—Å—è —ç–ª–µ–º–µ–Ω—Ç–∞–º–∏ ùìë. –ó–Ω–∞—á–µ–Ω–∏–µ r¬≤ –º–æ–∂–Ω–æ –∑–∞–ø–∏—Å–∞—Ç—å –∫–∞–∫ –¥—Ä–æ–±—å p/q, –≥–¥–µ p –∏ q —è–≤–ª—è—é—Ç—Å—è –≤–∑–∞–∏–º–Ω–æ –ø—Ä–æ—Å—Ç—ã–º–∏ –ø–æ–ª–æ–∂–∏—Ç–µ–ª—å–Ω—ã–º–∏ —Ü–µ–ª—ã–º–∏ —á–∏—Å–ª–∞–º–∏. –ù–∞–π–¥–∏—Ç–µ p+q.",25,33,28,31,D
"–ù–∞–π–¥–∏—Ç–µ —á–∏—Å–ª–æ –ø—Ä—è–º–æ—É–≥–æ–ª—å–Ω–∏–∫–æ–≤, –∫–æ—Ç–æ—Ä—ã–µ –º–æ–≥—É—Ç –±—ã—Ç—å –æ–±—Ä–∞–∑–æ–≤–∞–Ω—ã –≤–Ω—É—Ç—Ä–∏ —Ñ–∏–∫—Å–∏—Ä–æ–≤–∞–Ω–Ω–æ–≥–æ –ø—Ä–∞–≤–∏–ª—å–Ω–æ–≥–æ –≤–æ—Å—å–º–∏—É–≥–æ–ª—å–Ω–∏–∫–∞ (8-—É–≥–æ–ª—å–Ω–∏–∫–∞), –≥–¥–µ –∫–∞–∂–¥–∞—è —Å—Ç–æ—Ä–æ–Ω–∞ –ø—Ä—è–º–æ—É–≥–æ–ª—å–Ω–∏–∫–∞ –ª–µ–∂–∏—Ç –ª–∏–±–æ –Ω–∞ —Å—Ç–æ—Ä–æ–Ω–µ, –ª–∏–±–æ –Ω–∞ –¥–∏–∞–≥–æ–Ω–∞–ª–∏ –≤–æ—Å—å–º–∏—É–≥–æ–ª—å–Ω–∏–∫–∞. –ù–∞ —Å—Ö–µ–º–µ –Ω–∏–∂–µ –ø–æ–∫–∞–∑–∞–Ω—ã —Ç—Ä–∏ —Ç–∞–∫–∏—Ö –ø—Ä—è–º–æ—É–≥–æ–ª—å–Ω–∏–∫–∞.",40,50,20,30,A
"–ü—É—Å—Ç—å –≤ —Ç—Ä–µ—É–≥–æ–ª—å–Ω–∏–∫–µ ABC —Ç–æ—á–∫–∞ O ‚Äî —Ü–µ–Ω—Ç—Ä –æ–ø–∏—Å–∞–Ω–Ω–æ–π –æ–∫—Ä—É–∂–Ω–æ—Å—Ç–∏, –∞ —Ç–æ—á–∫–∞ I ‚Äî —Ü–µ–Ω—Ç—Ä –≤–ø–∏—Å–∞–Ω–Ω–æ–π –æ–∫—Ä—É–∂–Ω–æ—Å—Ç–∏. –ò–∑–≤–µ—Å—Ç–Ω–æ, —á—Ç–æ IA –ø–µ—Ä–ø–µ–Ω–¥–∏–∫—É–ª—è—Ä–Ω–∞ OI, —Ä–∞–¥–∏—É—Å –æ–ø–∏—Å–∞–Ω–Ω–æ–π –æ–∫—Ä—É–∂–Ω–æ—Å—Ç–∏ —Ä–∞–≤–µ–Ω 13, –∞ —Ä–∞–¥–∏—É—Å –≤–ø–∏—Å–∞–Ω–Ω–æ–π –æ–∫—Ä—É–∂–Ω–æ—Å—Ç–∏ —Ä–∞–≤–µ–Ω 8. –ù–∞–π—Ç–∏ –ø—Ä–æ–∏–∑–≤–µ–¥–µ–Ω–∏–µ AB ‚ãÖ AC.",650,624,600,520,B
"–ò–º–µ–µ—Ç—Å—è –Ω–∞–±–æ—Ä –∏–∑ $36$ –Ω–µ—Ä–∞–∑–ª–∏—á–∏–º—ã—Ö –±–µ–ª—ã—Ö —Ñ–∏—à–µ–∫ –∏ $36$ –Ω–µ—Ä–∞–∑–ª–∏—á–∏–º—ã—Ö —á–µ—Ä–Ω—ã—Ö —Ñ–∏—à–µ–∫. –ù–∞–π–¥–∏—Ç–µ —á–∏—Å–ª–æ —Å–ø–æ—Å–æ–±–æ–≤ —Ä–∞–∑–º–µ—Å—Ç–∏—Ç—å –Ω–µ–∫–æ—Ç–æ—Ä—ã–µ –∏–∑ —ç—Ç–∏—Ö —Ñ–∏—à–µ–∫ –≤ $36$ —è—á–µ–π–∫–∞—Ö –µ–¥–∏–Ω–∏—á–Ω–æ–π —Å–µ—Ç–∫–∏ —Ä–∞–∑–º–µ—Ä–æ–º $6\times6$ —Ç–∞–∫–∏–º –æ–±—Ä–∞–∑–æ–º, —á—Ç–æ–±—ã:

–∫–∞–∂–¥–∞—è —è—á–µ–π–∫–∞ —Å–æ–¥–µ—Ä–∂–∞–ª–∞ –Ω–µ –±–æ–ª–µ–µ –æ–¥–Ω–æ–π —Ñ–∏—à–∫–∏;
–≤—Å–µ —Ñ–∏—à–∫–∏ –≤ –∫–∞–∂–¥–æ–π —Å—Ç—Ä–æ–∫–µ –∏ –≤—Å–µ —Ñ–∏—à–∫–∏ –≤ –∫–∞–∂–¥–æ–º —Å—Ç–æ–ª–±—Ü–µ –±—ã–ª–∏ –æ–¥–Ω–æ–≥–æ —Ü–≤–µ—Ç–∞;
–ª—é–±–∞—è –¥–æ–ø–æ–ª–Ω–∏—Ç–µ–ª—å–Ω–∞—è —Ñ–∏—à–∫–∞, —Ä–∞–∑–º–µ—â–µ–Ω–Ω–∞—è –Ω–∞ —Å–µ—Ç–∫–µ, –Ω–∞—Ä—É—à–∞–ª–∞ –æ–¥–Ω–æ –∏–ª–∏ –æ–±–∞ –≤—ã—à–µ—É–∫–∞–∑–∞–Ω–Ω—ã—Ö —É—Å–ª–æ–≤–∏—è.",3210,3900,3846,3750,C
"–ü—É—Å—Ç—å $b \geq 2$ ‚Äî —Ü–µ–ª–æ–µ —á–∏—Å–ª–æ. –ù–∞–∑–æ–≤–µ–º –ø–æ–ª–æ–∂–∏—Ç–µ–ª—å–Ω–æ–µ —Ü–µ–ª–æ–µ —á–∏—Å–ª–æ $n$ $b$-–∫—Ä–∞—Å–∏–≤—ã–º, –µ—Å–ª–∏ –æ–Ω–æ –∏–º–µ–µ—Ç —Ä–æ–≤–Ω–æ –¥–≤–µ —Ü–∏—Ñ—Ä—ã –≤ —Å–∏—Å—Ç–µ–º–µ —Å—á–∏—Å–ª–µ–Ω–∏—è —Å –æ—Å–Ω–æ–≤–∞–Ω–∏–µ–º $b$, –∞ —Å—É–º–º–∞ —ç—Ç–∏—Ö –¥–≤—É—Ö —Ü–∏—Ñ—Ä —Ä–∞–≤–Ω–∞ $\sqrt{n}$. –ù–∞–ø—Ä–∏–º–µ—Ä, —á–∏—Å–ª–æ $81$ —è–≤–ª—è–µ—Ç—Å—è $13$-–∫—Ä–∞—Å–∏–≤—ã–º, –ø–æ—Å–∫–æ–ª—å–∫—É $81=\underline{6}\underline{3}_{13}$ –∏ $6+3=\sqrt{81}$. –ù–∞–π–¥–∏—Ç–µ –Ω–∞–∏–º–µ–Ω—å—à–µ–µ —Ü–µ–ª–æ–µ —á–∏—Å–ª–æ $b \geq 2$, –¥–ª—è –∫–æ—Ç–æ—Ä–æ–≥–æ —Å—É—â–µ—Å—Ç–≤—É–µ—Ç –±–æ–ª–µ–µ –¥–≤–µ–Ω–∞–¥—Ü–∞—Ç–∏ $b$-–∫—Ä–∞—Å–∏–≤—ã—Ö —Ü–µ–ª—ã—Ö —á–∏—Å–µ–ª.",211,200,220,210,A
"–ü—É—Å—Ç—å ABCDEF ‚Äî –≤—ã–ø—É–∫–ª—ã–π —Ä–∞–≤–Ω–æ—Å—Ç–æ—Ä–æ–Ω–Ω–∏–π —à–µ—Å—Ç–∏—É–≥–æ–ª—å–Ω–∏–∫, –≤ –∫–æ—Ç–æ—Ä–æ–º –≤—Å–µ –ø–∞—Ä—ã –ø—Ä–æ—Ç–∏–≤–æ–ø–æ–ª–æ–∂–Ω—ã—Ö —Å—Ç–æ—Ä–æ–Ω –ø–∞—Ä–∞–ª–ª–µ–ª—å–Ω—ã. –¢—Ä–µ—É–≥–æ–ª—å–Ω–∏–∫, —Å—Ç–æ—Ä–æ–Ω—ã –∫–æ—Ç–æ—Ä–æ–≥–æ —è–≤–ª—è—é—Ç—Å—è –ø—Ä–æ–¥–æ–ª–∂–µ–Ω–∏—è–º–∏ –æ—Ç—Ä–µ–∑–∫–æ–≤ AB, CD –∏ EF, –∏–º–µ–µ—Ç –¥–ª–∏–Ω—ã —Å—Ç–æ—Ä–æ–Ω 170, 255 –∏ 204. –ù–∞–π–¥–∏—Ç–µ –¥–ª–∏–Ω—É —Å—Ç–æ—Ä–æ–Ω—ã —à–µ—Å—Ç–∏—É–≥–æ–ª—å–Ω–∏–∫–∞.",34,85,102,68,D
"–ü—É—Å—Ç—å $A$, $B$, $C$ –∏ $D$ ‚Äî —Ç–æ—á–∫–∏ –Ω–∞ –≥–∏–ø–µ—Ä–±–æ–ª–µ $\frac{x^2}{20}- \frac{y^2}{24} = 2$, —Ç–∞–∫–∏–µ —á—Ç–æ $ABCD$ —è–≤–ª—è–µ—Ç—Å—è —Ä–æ–º–±–æ–º, –¥–∏–∞–≥–æ–Ω–∞–ª–∏ –∫–æ—Ç–æ—Ä–æ–≥–æ –ø–µ—Ä–µ—Å–µ–∫–∞—é—Ç—Å—è –≤ –Ω–∞—á–∞–ª–µ –∫–æ–æ—Ä–¥–∏–Ω–∞—Ç. –ù–∞–π–¥–∏—Ç–µ –Ω–∞–∏–±–æ–ª—å—à–µ–µ –¥–µ–π—Å—Ç–≤–∏—Ç–µ–ª—å–Ω–æ–µ —á–∏—Å–ª–æ, –∫–æ—Ç–æ—Ä–æ–µ –º–µ–Ω—å—à–µ $BD^2$ –¥–ª—è –≤—Å–µ—Ö —Ç–∞–∫–∏—Ö —Ä–æ–º–±–æ–≤.",900,920,960,940,C
"–°–ø–∏—Å–æ–∫ –ø–æ–ª–æ–∂–∏—Ç–µ–ª—å–Ω—ã—Ö —Ü–µ–ª—ã—Ö —á–∏—Å–µ–ª –æ–±–ª–∞–¥–∞–µ—Ç —Å–ª–µ–¥—É—é—â–∏–º–∏ —Å–≤–æ–π—Å—Ç–≤–∞–º–∏:

\bullet –°—É–º–º–∞ —ç–ª–µ–º–µ–Ω—Ç–æ–≤ –≤ —Å–ø–∏—Å–∫–µ —Ä–∞–≤–Ω–∞ 28.

\bullet –ï–¥–∏–Ω—Å—Ç–≤–µ–Ω–Ω—ã–º –º–æ–¥–æ–π —Å–ø–∏—Å–∫–∞ —è–≤–ª—è–µ—Ç—Å—è —á–∏—Å–ª–æ 9.

\bullet –ú–µ–¥–∏–∞–Ω–∞ —Å–ø–∏—Å–∫–∞ ‚Äî —ç—Ç–æ –ø–æ–ª–æ–∂–∏—Ç–µ–ª—å–Ω–æ–µ —Ü–µ–ª–æ–µ —á–∏—Å–ª–æ, –∫–æ—Ç–æ—Ä–æ–µ –Ω–µ –≤—Å—Ç—Ä–µ—á–∞–µ—Ç—Å—è –≤ —Å–∞–º–æ–º —Å–ø–∏—Å–∫–µ.

–ù–∞–π–¥–∏—Ç–µ —Å—É–º–º—É –∫–≤–∞–¥—Ä–∞—Ç–æ–≤ –≤—Å–µ—Ö —ç–ª–µ–º–µ–Ω—Ç–æ–≤ –≤ —Å–ø–∏—Å–∫–µ.",210,200,230,220,D
"–°—Ä–µ–¥–∏ 800 –∂–∏—Ç–µ–ª–µ–π –≠–π–º–≤–∏–ª–ª—è, 195 —á–µ–ª–æ–≤–µ–∫ –≤–ª–∞–¥–µ—é—Ç –±—Ä–∏–ª–ª–∏–∞–Ω—Ç–æ–≤—ã–º –∫–æ–ª—å—Ü–æ–º, 367 —á–µ–ª–æ–≤–µ–∫ –≤–ª–∞–¥–µ—é—Ç –Ω–∞–±–æ—Ä–æ–º –≥–æ–ª—å—Ñ-–∫–ª—É–±–æ–≤ –∏ 562 —á–µ–ª–æ–≤–µ–∫ –∏–º–µ—é—Ç —Å–∞–¥–æ–≤—É—é –ª–æ–ø–∞—Ç—É. –ö—Ä–æ–º–µ —Ç–æ–≥–æ, –∫–∞–∂–¥—ã–π –∏–∑ 800 –∂–∏—Ç–µ–ª–µ–π –∏–º–µ–µ—Ç –º–µ—à–æ–∫ –∫–æ–Ω—Ñ–µ—Ç –≤ —Ñ–æ—Ä–º–µ —Å–µ—Ä–¥–µ—á–µ–∫. –ï—Å—Ç—å 437 –∂–∏—Ç–µ–ª—è, –∫–æ—Ç–æ—Ä—ã–µ –≤–ª–∞–¥–µ—é—Ç —Ä–æ–≤–Ω–æ –¥–≤—É–º—è –∏–∑ —ç—Ç–∏—Ö –ø—Ä–µ–¥–º–µ—Ç–æ–≤, –∏ 234 –∂–∏—Ç–µ–ª—è, –∫–æ—Ç–æ—Ä—ã–µ –≤–ª–∞–¥–µ—é—Ç —Ä–æ–≤–Ω–æ —Ç—Ä–µ–º—è –∏–∑ —ç—Ç–∏—Ö –ø—Ä–µ–¥–º–µ—Ç–æ–≤. –ù–∞–π–¥–∏—Ç–µ —á–∏—Å–ª–æ –∂–∏—Ç–µ–ª–µ–π –≠–π–º–≤–∏–ª–ª—è, –∫–æ—Ç–æ—Ä—ã–µ –≤–ª–∞–¥–µ—é—Ç –≤—Å–µ–º–∏ —á–µ—Ç—ã—Ä—å–º—è –∏–∑ —ç—Ç–∏—Ö –ø—Ä–µ–¥–º–µ—Ç–æ–≤.",50,73,90,110,B
"–ü—É—Å—Ç—å $ABC$ ‚Äî —Ç—Ä–µ—É–≥–æ–ª—å–Ω–∏–∫, –≤–ø–∏—Å–∞–Ω–Ω—ã–π –≤ –æ–∫—Ä—É–∂–Ω–æ—Å—Ç—å $\omega$. –ü—É—Å—Ç—å –∫–∞—Å–∞—Ç–µ–ª—å–Ω—ã–µ –∫ $\omega$, –ø—Ä–æ–≤–µ–¥—ë–Ω–Ω—ã–µ –≤ —Ç–æ—á–∫–∞—Ö $B$ –∏ $C$, –ø–µ—Ä–µ—Å–µ–∫–∞—é—Ç—Å—è –≤ —Ç–æ—á–∫–µ $D$, –∞ –æ—Ç—Ä–µ–∑–æ–∫ $\overline{AD}$ –ø–µ—Ä–µ—Å–µ–∫–∞–µ—Ç $\omega$ –≤ —Ç–æ—á–∫–µ $P$. –ï—Å–ª–∏ $AB=6$, $BC=8$ –∏ $AC=7$, —Ç–æ $DP^2$ –º–æ–∂–Ω–æ –∑–∞–ø–∏—Å–∞—Ç—å –≤ –≤–∏–¥–µ $\frac{m}{n}$, –≥–¥–µ $m$ –∏ $n$ ‚Äî –≤–∑–∞–∏–º–Ω–æ –ø—Ä–æ—Å—Ç—ã–µ —Ü–µ–ª—ã–µ —á–∏—Å–ª–∞. –ù–∞–π–¥–∏—Ç–µ $m + n$.",32861,32880,32850,32870,A
"–¢–æ—Ä $T$ –ø—Ä–µ–¥—Å—Ç–∞–≤–ª—è–µ—Ç —Å–æ–±–æ–π –ø–æ–≤–µ—Ä—Ö–Ω–æ—Å—Ç—å, –ø–æ–ª—É—á–µ–Ω–Ω—É—é –≤—Ä–∞—â–µ–Ω–∏–µ–º –æ–∫—Ä—É–∂–Ω–æ—Å—Ç–∏ —Ä–∞–¥–∏—É—Å–∞ $2$ –≤–æ–∫—Ä—É–≥ –æ—Å–∏, –ª–µ–∂–∞—â–µ–π –≤ –ø–ª–æ—Å–∫–æ—Å—Ç–∏ —ç—Ç–æ–π –æ–∫—Ä—É–∂–Ω–æ—Å—Ç–∏ –∏ –Ω–∞—Ö–æ–¥—è—â–µ–π—Å—è –Ω–∞ —Ä–∞—Å—Å—Ç–æ—è–Ω–∏–∏ $6$ –æ—Ç –µ–µ —Ü–µ–Ω—Ç—Ä–∞ (–ø–æ—Ö–æ–∂–µ –Ω–∞ –±—É–±–ª–∏–∫). –ü—É—Å—Ç—å $S$ –±—É–¥–µ—Ç —Å—Ñ–µ—Ä–æ–π —Ä–∞–¥–∏—É—Å–∞ $11$. –ö–æ–≥–¥–∞ $T$ –∫–∞—Å–∞–µ—Ç—Å—è –≤–Ω—É—Ç—Ä–µ–Ω–Ω–µ–π —á–∞—Å—Ç–∏ $S$, –æ–Ω–æ –≤–Ω—É—Ç—Ä–µ–Ω–Ω–µ –∫–∞—Å–∞–µ—Ç—Å—è $S$ –≤–¥–æ–ª—å –æ–∫—Ä—É–∂–Ω–æ—Å—Ç–∏ —Ä–∞–¥–∏—É—Å–∞ $r_i$, –∞ –∫–æ–≥–¥–∞ $T$ –∫–∞—Å–∞–µ—Ç—Å—è –≤–Ω–µ—à–Ω–µ–π —á–∞—Å—Ç–∏ $S$, –æ–Ω–æ –≤–Ω–µ—à–Ω–µ –∫–∞—Å–∞–µ—Ç—Å—è $S$ –≤–¥–æ–ª—å –æ–∫—Ä—É–∂–Ω–æ—Å—Ç–∏ —Ä–∞–¥–∏—É—Å–∞ $r_o$. –†–∞–∑–Ω–æ—Å—Ç—å $r_i-r_o$ –º–æ–∂–µ—Ç –±—ã—Ç—å –∑–∞–ø–∏—Å–∞–Ω–∞ –∫–∞–∫ $\frac{m}{n}$, –≥–¥–µ $m$ –∏ $n$ —è–≤–ª—è—é—Ç—Å—è –≤–∑–∞–∏–º–Ω–æ –ø—Ä–æ—Å—Ç—ã–º–∏ –ø–æ–ª–æ–∂–∏—Ç–µ–ª—å–Ω—ã–º–∏ —Ü–µ–ª—ã–º–∏ —á–∏—Å–ª–∞–º–∏. –ù–∞–π–¥–∏—Ç–µ $m+n$.",130,110,100,127,D
"–ü—É—Å—Ç—å $ABCD$ –±—É–¥–µ—Ç —Ç–µ—Ç—Ä–∞—ç–¥—Ä–æ–º, –¥–ª—è –∫–æ—Ç–æ—Ä–æ–≥–æ $AB=CD= \sqrt{61}$, $AC=BD= \sqrt{80}$ –∏ $BC=AD= \sqrt{89}$. –°—É—â–µ—Å—Ç–≤—É–µ—Ç —Ç–∞–∫–∞—è —Ç–æ—á–∫–∞ $I$, –Ω–∞—Ö–æ–¥—è—â–∞—è—Å—è –≤–Ω—É—Ç—Ä–∏ —Ç–µ—Ç—Ä–∞—ç–¥—Ä–∞, —á—Ç–æ —Ä–∞—Å—Å—Ç–æ—è–Ω–∏—è –æ—Ç $I$ –¥–æ –∫–∞–∂–¥–æ–π –∏–∑ –≥—Ä–∞–Ω–µ–π —Ç–µ—Ç—Ä–∞—ç–¥—Ä–∞ —Ä–∞–≤–Ω—ã. –≠—Ç–æ —Ä–∞—Å—Å—Ç–æ—è–Ω–∏–µ –º–æ–∂–µ—Ç –±—ã—Ç—å –∑–∞–ø–∏—Å–∞–Ω–æ –≤ –≤–∏–¥–µ $\frac{m \sqrt n}{p}$, –≥–¥–µ $m$, $n$ –∏ $p$ —è–≤–ª—è—é—Ç—Å—è –ø–æ–ª–æ–∂–∏—Ç–µ–ª—å–Ω—ã–º–∏ —Ü–µ–ª—ã–º–∏ —á–∏—Å–ª–∞–º–∏, $m$ –∏ $p$ –≤–∑–∞–∏–º–Ω–æ –ø—Ä–æ—Å—Ç—ã, –∞ $n$ –Ω–µ –¥–µ–ª–∏—Ç—Å—è –Ω–∞ –∫–≤–∞–¥—Ä–∞—Ç –ª—é–±–æ–≥–æ –ø—Ä–æ—Å—Ç–æ–≥–æ —á–∏—Å–ª–∞. –ù–∞–π–¥–∏—Ç–µ $m+n+p$.",257,268,234,245,A
"–ü—Ä—è–º–æ—É–≥–æ–ª—å–Ω–∏–∫–∏ $ABCD$ –∏ $EFGH$ –Ω–∞—á–µ—Ä—á–µ–Ω—ã —Ç–∞–∫–∏–º –æ–±—Ä–∞–∑–æ–º, —á—Ç–æ —Ç–æ—á–∫–∏ $D,E,C,F$ –ª–µ–∂–∞—Ç –Ω–∞ –æ–¥–Ω–æ–π –ø—Ä—è–º–æ–π. –ö—Ä–æ–º–µ —Ç–æ–≥–æ, —Ç–æ—á–∫–∏ $A,D,H,G$ –ª–µ–∂–∞—Ç –Ω–∞ –æ–∫—Ä—É–∂–Ω–æ—Å—Ç–∏. –ï—Å–ª–∏ $BC=16$, $AB=110$, $FG=17$, –∏ $EF=184$, –∫–∞–∫–æ–≤–∞ –¥–ª–∏–Ω–∞ $CE$?",107,95,115,120,A
"–ü—É—Å—Ç—å $\omega \neq 1$ –±—É–¥–µ—Ç –∫–æ—Ä–Ω–µ–º 13-–π —Å—Ç–µ–ø–µ–Ω–∏ –∏–∑ –µ–¥–∏–Ω–∏—Ü—ã. –ù–∞–π–¥–∏—Ç–µ –æ—Å—Ç–∞—Ç–æ–∫ –æ—Ç –¥–µ–ª–µ–Ω–∏—è
$$ \prod_{k=0}^{12}(2 - 2\omega^k + \omega^{2k}) $$ –Ω–∞ 8000.",789,123,321,456,C
