已知 $2^a = 5$ 且 $\log_8 3 = b$，$4^{a - 3b}$ 能写成 $\frac{m}{n}$ 的形式，这里 $m$ 和 $n$ 是互素的正整数。求 $m + n$。,25,34,12,40,B
"在三角形 $ABC$ 中，角 $A$、$B$、$C$ 所对的边分别为 $a$、$b$、$c$。已知 $\sqrt{3}\, b \cos A = a \sin B$，$a = \sqrt{7}$，$c - 2b = 1$。求 $c$ 的值。",3,1,2,4,A
已知事件 $ A $ 和 $ B $ 相互独立，事件 $ A $ 发生的概率是 $ P(A) = \frac{1}{2} $，事件 $ B $ 发生的概率是 $ P(B) = \frac{1}{3} $。事件 $ A \cap B $ 发生的概率 $ P(A \cap B) $ 能写成 $ \frac{m}{n} $ 这种分数形式，其中 $ m $ 和 $ n $ 是互质的正整数。求 $ m + n $ 的值。 ,3,7,5,9,B
某商店为吸引顾客，准备了两个奖品。进店购物的顾客都能参加一次抽奖活动，当两个奖品都送出时，抽奖活动就结束。抽奖规则如下：在一个不透明盒子里有若干个大小和质量完全一样的球，采用有放回的方式抽取。抽到红球意味着“未中奖”，抽到白球意味着“中奖”。一开始，盒子里有2个白球和3个红球。每位参与的顾客从盒子中随机抽1个球。若顾客没中奖，就把球放回盒子，该顾客的抽奖结束，下一位顾客开始抽。若顾客中奖，就把球放回盒子，再往盒子里额外加1个红球，然后该顾客继续抽。若第二次抽球没中奖，就把球放回盒子，该顾客共获得一个奖品，下一位顾客开始抽。若第二次抽球又中奖，该顾客共获得两个奖品，整个抽奖活动结束。已知这项活动很受欢迎，会一直有顾客参与抽奖，直到两个奖品全部送出。求第二位顾客和第三位顾客分别恰好获得一个奖品的概率，这个概率能表示成 $\frac{m}{n}$ 的形式，其中 $m$ 和 $n$ 是互质的正整数。求 $m + n$。 ,72,79,81,65,B
在平面直角坐标系中，已知直线 $ l_1\colon x - y + 6 = 0 $ 与 $ x $ 轴相交于点 $ A $，与 $ y $ 轴相交于点 $ B $，该直线与圆 $ (x+1)^2 + (y-3)^2 = r^2 $ 相交的两个点分别为 $ C $ 和 $ D $。若线段 $ AB $ 的长度是线段 $ CD $ 长度的 $ 3 $ 倍，求 $ r $ 的值。 ,4,3,1,2,D
"已知函数 \( y = 2\tan\left(x - \frac{\pi}{3}\right) \) 图像的一个对称中心是点 \( (3a, 0) \)（其中 \( a > 0 \)），\( a \) 的最小值可表示为 \( \frac{\pi}{n} \)，其中 \( n \) 为整数。求 \( n \)。",6,12,9,3,C
一个盒子里装有5个一样的球，球上分别标着数字1到5。每次从该盒子中取出一个球，记录下球上的数字后再把球放回盒子，这样一共取三次。设X为这三次抽取里至少出现一次的不同标签的数量。期望值E(X)能写成一个分数形式$\frac{m}{n}$，其中m和n是互质的正整数。求m + n。 ,92,72,82,86,D
已知 \( (1 - 2x)^4 = a_0 - 3a_1 x + 4a_2 x^2 - 8a_3 x^3 + 16a_4 x^4 \)，那么 \( a_0 \) 的值是多少？,2,-1,1,0,C
在某些条件下，人工智能大语言模型训练 $ N $ 单位数据所需的时间为 $ T = k\log_2 N $（单位：小时），其中 $ k $ 为常数。在这些条件下，已知当训练数据量从 $ 10^6 $ 单位提升到 $ 1.024 \times 10^9 $ 单位时，训练时间增加了 20 小时；那么当训练数据量从 $ 1.024 \times 10^9 $ 单位提升到 $ 8.192 \times 10^9 $ 单位时，训练时间增加了多少小时？,10,6,4,8,B
"设全集为 $ U = \{x \mid x \text{ 是小于 } 9 \text{ 的正整数}\} $，集合 $ A = \{1,\,3,\,5\} $。那么集合 $ A $ 在 $ U $ 中的补集 $ C_U A $ 的元素个数是多少？ ",4,2,3,5,D
已知复数 $ z $ 满足 $ \text{i} \cdot z + 2 = 2\text{i} $，若 $ |z| + 1 $ 能写成 $m \sqrt{n} + p$ 的形式，求 $m+n+p$,5,3,6,4,A
"已知全集 $ U = \{x \mid x \text{ 是小于 9 的正整数}\} $，集合 $ A = \{1, 3\} $，集合 $ A $ 在全集 $ U $ 中的补集 $ \complement_U A $ 的元素个数是多少？",4,3,6,2,C
"已知函数 $ f(x) = \sin(\omega x + \varphi) $（其中 $ \omega > 0 $，$ -\pi < \varphi < \pi $）在区间 $\left[-\frac{5\pi}{12}, \frac{\pi}{12}\right]$ 上单调递增，且 $ x = \frac{\pi}{12} $ 是该函数的一条对称轴，点 $ \left(\frac{\pi}{3}, 0\right) $ 是该函数的一个对称中心。若 $ x \in \left[0, \frac{\pi}{6}\right] $ 时，$ f(x) $ 的最小值为 $\sqrt{n}$，求 $n$。",1,3,4,2,B
若 $\dfrac{2}{x-1}$ 为整数，求 $x$ 可能取的整数值的个数。,4,5,3,2,A
有5辆车要停在6个相邻的停车位里。其中A是较宽的卡车，停车时得占据两个相邻的车位，且B车不能和A卡车相邻停放。问一共有多少种不同的停车方案？ ,72,48,96,60,A
"设 $a = C_{30}^1 + C_{30}^2 + \cdots + C_{30}^{30}$，已知 $a$ 与 $b$ 对模 $10$ 同余，且 $b$ 取值于集合 $\{2021, 2022, 2023, 2025\}$，求 $b$ 的值。 ",2022,2021,2023,2025,C
在三棱柱 $ABC - A_1B_1C_1$ 里，侧棱垂直于底面，并且所有顶点都处于同一个球面上。已知 $AB = AC = AA_1 = 2$，同时 $\angle BAC = 120^\circ$，此球的表面积为 $N\pi$，求 $N$ 的值。 ,16,24,28,20,D
有7名男运动员和2名女运动员，要选出2人组成一支乒乓球混合双打队伍，不同的选法有多少种？,35,14,28,21,B
若 $\cos\alpha + 2\sin\alpha = \frac{3\sqrt{5}}{5}$，则 $|\tan\alpha|$ 的值是多少？,2,1,4,3,A
3位家长和3个孩子去徒步。要将这6人排成一队，且规定队伍的开头和结尾都得是家长。问共有多少种不同的排列方式？ ,216,144,72,288,B
将二进制数 $110110_2$ 转换为十进制数。,42,62,54,58,C
直线 $ l_1: x - y + 6 = 0 $ 与 $ x $ 轴相交得到点 $ A $，和 $ y $ 轴相交得到点 $ B $。该直线同时与圆 $ (x + 1)^2 + (y - 3)^2 = r^2 $（$ r > 0 $）相交，交点为 $ C $ 和 $ D $。若 $ |AB| = 3|CD| $，求 $ r $ 的值。 ,3,1,4,2,D
设双曲线 \( C: \frac{x^2}{a^2} - \frac{y^2}{b^2} = 1 \)（\( a > 0 \)，\( b > 0 \)），它的左、右焦点分别是 \( F_1 \) 和 \( F_2 \)。过 \( F_2 \) 作一条平行于 \( y \)-轴的直线，此直线和双曲线 \( C \) 交于点 \( A \) 和 \( B \)。已知 \( |F_1A| = 14 \)，\( |AB| = 8 \)。双曲线的离心率 \( e \) 能写成 \(\frac{m \sqrt{n}}{p}\) 的形式，其中 \( m \)、\( n \)、\( p \) 是正整数，\( m \) 与 \( p \) 互质，并且 \( n \) 不被任何素数的平方整除。求 \( m+n+p \)。,13,15,18,10,A
12、12、12、14 和 15 这组数据的众数与中位数的差是多少？,3,0,2,1,B
"已知全集 $ U = \{1, 2, 3, 4, 5\} $，集合 $ A = \{1, 3\} $，集合 $ B = \{2, 5\} $，问集合 $ \complement_U (A \cup B) $ 里的元素个数是多少。",3,2,1,4,C
在三角形 ABC 中，D 是边 AB 的中点。$\overrightarrow{CE} = \frac{2}{3}\overrightarrow{CD}$，$\overrightarrow{AB} = \vec{a}$，$\overrightarrow{AC} = \vec{b}$。已知 $|\overrightarrow{AE}| = 5$ 且 $AE$ 与 $CB$ 垂直，那么 $\overrightarrow{AE} \cdot \overrightarrow{CD}$ 的绝对值可写成 $\frac{m}{n}$ 的形式，这里 $m$ 和 $n$ 是互质的正整数。求 $m + n$。,77,79,81,83,B
"已知函数 $ f(x) $ 的定义域为 $ (-1, +\infty) $，$ f(0) = 0 $，且其导数满足 $ f'(x-1) = \frac{\ln(x)}{x} $。设曲线 $ y = f(x) $ 在点 $ A(a, f(a)) $（其中 $ a \ne 0 $）处的切线为 $ l_1 $。函数 $ f'(x) $ 的最大值可表示为 $ \frac{n}{e} $，其中 $ n $ 为整数。求 $ n $ 的值。",0,1,2,3,B
若直线 \( y = 2x + 5 \) 为曲线 \( y = e^x + x + 2a \) 的切线，求 \( a \) 的值。,2,4,1,3,A
一个封闭的圆柱形容器（忽略容器壁的厚度）底面半径为 4 厘米，高为 9 厘米。该容器内放置了两个相同半径的铁球。问铁球的最大直径是多少（单位：厘米）？ ,4,5,3,6,B
若函数 $ f(x) = (x - 1)(x - 2)(x - a) $ 的极值点为 $ x = 2 $，求 $ f(4) $ 的值？,12,6,18,24,A
