"Известно, что $2^a = 5$ и $\log_8 3 = b$. Выражение $4^{a - 3b}$ можно представить в виде $\frac{m}{n}$, где $m$ и $n$ — взаимно простые положительные целые числа. Требуется найти сумму $m + n$. ",34
"В треугольнике $ABC$ стороны, противоположные углам $A$, $B$ и $C$, обозначены как $a$, $b$ и $c$ соответственно. Задано, что $a \sin B = \sqrt{3}\, b \cos A$, $c - 2b = 1$, $a = \sqrt{7}$. Определите значение $c$. ",3
"События \( A \) и \( B \) являются независимыми. Вероятность того, что событие \( A \) произойдет, равна \( P(A) = \frac{1}{2} \), а вероятность того, что событие \( B \) произойдет, равна \( P(B) = \frac{1}{3} \). Вероятность \( P(A \cap B) \) того, что произойдет событие \( A \cap B \), может быть записана в виде дроби \(\frac{m}{n}\), где \( m \) и \( n \) — взаимно простые положительные целые числа. Определите значение \( m + n \). ",7
"Определённый магазин, с целью привлечения покупателей, подготовил два приза. Каждый покупатель, входящий в магазин и совершающий покупку, имеет возможность участвовать в лотерее. Лотерея завершается, как только оба приза будут разыграны. Правила лотереи таковы: в непрозрачном ящике находятся шары, которые извлекаются с возвращением (все шары одинаковы по размеру и массе). Извлечение красного шара означает «без выигрыша», а извлечение белого шара — «выиграл приз». Изначально в ящике 2 белых шара и 3 красных шара. Участник случайным образом достаёт один шар из ящика. Если участник не выиграл приз, шар возвращается в ящик, и его участие в лотерее заканчивается; далее следующий покупатель начинает тянуть шар. Если участник выигрывает приз, шар возвращается в ящик, и в ящик дополнительно добавляется один красный шар, после чего этот же покупатель делает ещё один ход и достаёт шар. Если при втором извлечении он не выигрывает приз, шар возвращается в ящик, покупатель получает ровно один приз, и следующий покупатель начинает тянуть шар. Если при втором извлечении он снова выигрывает приз, то покупатель получает оба приза, и вся лотерея завершается. Известно, что мероприятие очень популярно, и покупатели будут участвовать до тех пор, пока оба приза не будут разыграны. Вероятность того, что второй и третий покупатели каждый выиграют ровно по одному призу, может быть записана в виде дроби $\frac{m}{n}$, где $m$ и $n$ — взаимно простые целые числа. Найдите $m + n$.",79
"Пусть прямая $ l_1\colon x - y + 6 = 0 $ имеет точку пересечения с осью $ x $ в точке $ A $, с осью $ y $ в точке $ B $, а с окружностью $ (x+1)^2 + (y-3)^2 = r^2 $ — в точках $ C $ и $ D $. Если длина отрезка $ AB $ равна трём длинам отрезка $ CD $, то найдите значение $ r $. ",2
"Точка \( (3a, 0) \) (\( a > 0 \)) является центром симметрии графика функции \( y = 2\tan\left(x - \frac{\pi}{3}\right) \). Если наименьшее значение \( a \) представить в виде \(\frac{\pi}{n}\), где \( n \) — целое число, то найдите \( n \).", 9
"В коробке лежит 5 одинаковых шаров, имеющих номера от 1 до 5. Из коробки извлекается по одному шару трижды с возвращением. Пусть X — это количество различных номеров, которые встречаются как минимум один раз за три выборки. Математическое ожидание E(X) можно записать в виде дроби m/n, где m и n — взаимно простые положительные целые числа. Определите m + n.",86
Дано: \( (1 - 2x)^4 = a_0 - 3a_1 x + 4a_2 x^2 - 8a_3 x^3 + 16a_4 x^4 \). Найти значение \( a_0 \).,1
"При определённых условиях время, которое требуется для обучения большой языковой модели искусственного интеллекта на \( N \) единицах данных, равно \( T = k\log_2 N \) (единица измерения: ч), где \( k \) — постоянная величина. Известно, что при увеличении объёма обучающих данных \( N \) от \( 10^6 \) до \( 1{,}024 \times 10^9 \) единиц время обучения увеличивается на 20 ч. Насколько часов увеличится время обучения, если объём обучающих данных \( N \) увеличится от \( 1{,}024 \times 10^9 \) единиц до \( 8{,}192 \times 10^9 \) единиц?",6
"Пусть универсальное множество $U$ определено как $U = \{x \mid x$ — положительное целое число, меньшее $9\},$ и пусть $A = \{1,\,3,\,5\}.$ Сколько элементов содержит $C_U A$ (дополнение $A$ в $U$)? ",5
"Учитывая, что комплексное число \( z \) таково, что \( \text{i} \cdot z + 2 = 2\text{i} \), величину \( |z| + 1 \) можно записать в виде \( m \sqrt{n} + p \). Определите \( m+n+p \).",5
"Дано, что универсальное множество \( U = \{x \mid x \text{ — положительное целое число, меньшее 9}\} \), а множество \( A = \{1, 3\} \). Какова мощность (число элементов) множества \( \complement_U A \)? ",6
"Дана функция \( f(x) = \sin(\omega x + \varphi) \) (\( \omega > 0 \), \( -\pi < \varphi < \pi \)), которая монотонно возрастает на отрезке \(\left[-\frac{5\pi}{12}, \frac{\pi}{12}\right]\). Также известно, что прямая \( x = \frac{\pi}{12} \) является одной из осей симметрии этой функции, а точка \( \left(\frac{\pi}{3}, 0\right) \) является одним из её центров симметрии. Если наименьшее значение функции \( f(x) \) при \( x \in \left[0, \frac{\pi}{6}\right] \) равно \(\sqrt{n}\), то найдите \( n \). ",3
"Если $\dfrac{2}{x - 1}$ является целым числом, определите количество возможных целых значений $x$.",4
"Есть 5 автомобилей, которые необходимо припарковать на 6 соседних парковочных местах. Грузовик A достаточно широкий, поэтому при парковке он должен занять два соседних места, и автомобиль B нельзя парковать рядом с грузовиком A. Сколько всего различных способов парковки существует? ",72
"Пусть \( a \) равно сумме \( C_{30}^1 + C_{30}^2 + \cdots + C_{30}^{30} \), причем \( a \) сравнимо с \( b \) по модулю 10, где \( b \) принадлежит множеству \( \{2021, 2022, 2023, 2025\} \). Найти значение \( b \). ",2023
"В треугольной призме $ABC - A_1B_1C_1$, где боковые рёбра перпендикулярны к основанию и все вершины призмы лежат на одной сфере. При условии, что $AB = AC = AA_1 = 2$ и $\angle BAC = 120^\circ$, известно, что площадь поверхности данной сферы равна $N\pi$. Требуется найти значение $N$. ",20
"Среди 7 мужчин-спортсменов и 2 женщин-спортсменок, сколько различных способов можно выбрать 2 человека для создания команды в смешанном парном разряде по настольному теннису? ",14
"Если $\cos\alpha + 2\sin\alpha = \frac{3\sqrt{5}}{5}$, то какое значение имеет $|\tan\alpha|$?",2
"3 родителя и 3 ребёнка собираются пойти в поход. Необходимо выстроить этих 6 человек в очередь таким образом, чтобы в начале и в конце очереди стояли родители. Сколько различных способов расстановки существует? ",144
Запишите десятичное представление двоичного числа $110110_2$.,54
"Прямая \( l_1: x - y + 6 = 0 \) имеет точку пересечения с осью \( x \) в точке \( A \) и с осью \( y \) в точке \( B \). Эта прямая также пересекает окружность \( (x + 1)^2 + (y - 3)^2 = r^2 \) (\( r > 0 \)) в точках \( C \) и \( D \). Если известно, что \( |AB| = 3|CD| \), то найдите значение \( r \).",2
"Пусть у гиперболы \( C: \frac{x^2}{a^2} - \frac{y^2}{b^2} = 1 \) (\( a > 0 \), \( b > 0 \)) левый и правый фокусы — это \( F_1 \) и \( F_2 \) соответственно. Проведём прямую, параллельную оси \( y \), через точку \( F_2 \), которая пересечёт гиперболу \( C \) в точках \( A \) и \( B \). Если известно, что \( |F_1A| = 14 \) и \( |AB| = 8 \), а эксцентриситет \( e \) гиперболы \( C \) можно представить в виде \( \frac{m \sqrt n}{p} \), где \( m \), \( n \) и \( p \) — положительные целые числа, \( m \) и \( p \) взаимно просты, а \( n \) не делится на квадрат никакого простого числа, то найдите \( m+n+p \).",13
"Какова разность между модой и медианой чисел 12, 12, 12, 14 и 15?",0
"Дано, что универсальное множество \( U \) равно \( \{1, 2, 3, 4, 5\} \), множество \( A \) равно \( \{1, 3\} \), а множество \( B \) равно \( \{2, 5\} \). Сколько элементов содержится в множестве \( \complement_U (A \cup B) \)? ",1
"В треугольнике ABC точка D является серединой стороны AB. \(\overrightarrow{CE} = \frac{2}{3}\overrightarrow{CD}\), \(\overrightarrow{AB} = \vec{a}\), \(\overrightarrow{AC} = \vec{b}\). Известно, что \(|\overrightarrow{AE}| = 5\) и \(AE\) перпендикулярно \(CB\). Абсолютное значение скалярного произведения \(\overrightarrow{AE} \cdot \overrightarrow{CD}\) можно представить в виде \(\frac{m}{n}\), где \(m\) и \(n\) — взаимно простые положительные целые числа. Найти \(m + n\).",79
"Область определения функции \( f(x) \) есть \( (-1, +\infty) \), \( f(0) = 0 \), а производная этой функции задается как \( f'(x - 1)=\frac{\ln(x)}{x} \). Пусть \( l_1 \) представляет собой касательную к кривой \( y = f(x) \) в точке \( A(a, f(a)) \) (\( a \neq 0 \)). Максимальное значение \( f'(x) \) можно записать в виде \( \frac{n}{e} \), где \( n \) — целое число. Найти \( n \). ",1
"Если кривая \( y = e^x + x + 2a \) имеет касательную прямую \( y = 2x + 5 \), то каково значение \( a \)?",2
Закрытый цилиндрический сосуд (игнорируя толщину стенки сосуда) имеет радиус основания 4 см и высоту 9 см. Внутрь этого сосуда помещаются два железных шара одинакового радиуса. Какой максимальный диаметр (в сантиметрах) могут иметь эти железные шары? ,5
"Если экстремальной точкой функции \( f(x) = (x - 1)(x - 2)(x - a) \) является \( x = 2 \), то чему равно значение \( f(4) \)?",12
